data,ativo,valor
2020-01-02 00:00:00+00:00,ABEV3.SA,16.17514991760254
2020-01-02 00:00:00+00:00,VALE3.SA,35.130035400390625
2020-01-02 00:00:00+00:00,^BVSP,118573.0
2020-01-03 00:00:00+00:00,ABEV3.SA,15.947684288024902
2020-01-03 00:00:00+00:00,VALE3.SA,34.87138748168945
2020-01-03 00:00:00+00:00,^BVSP,117707.0
2020-01-06 00:00:00+00:00,ABEV3.SA,16.023508071899414
2020-01-06 00:00:00+00:00,VALE3.SA,34.66447830200195
2020-01-06 00:00:00+00:00,^BVSP,116878.0
2020-01-07 00:00:00+00:00,ABEV3.SA,16.057201385498047
2020-01-07 00:00:00+00:00,VALE3.SA,34.916648864746094
2020-01-07 00:00:00+00:00,^BVSP,116662.0
2020-01-08 00:00:00+00:00,ABEV3.SA,15.981383323669434
2020-01-08 00:00:00+00:00,VALE3.SA,34.92311477661133
2020-01-08 00:00:00+00:00,^BVSP,116247.0
2020-01-09 00:00:00+00:00,ABEV3.SA,15.855013847351074
2020-01-09 00:00:00+00:00,VALE3.SA,34.464027404785156
2020-01-09 00:00:00+00:00,^BVSP,115947.0
2020-01-10 00:00:00+00:00,ABEV3.SA,15.913984298706055
2020-01-10 00:00:00+00:00,VALE3.SA,34.50282669067383
2020-01-10 00:00:00+00:00,^BVSP,115503.0
2020-01-13 00:00:00+00:00,ABEV3.SA,16.183570861816406
2020-01-13 00:00:00+00:00,VALE3.SA,35.757232666015625
2020-01-13 00:00:00+00:00,^BVSP,117325.0
2020-01-14 00:00:00+00:00,ABEV3.SA,16.09090232849121
2020-01-14 00:00:00+00:00,VALE3.SA,35.977081298828125
2020-01-14 00:00:00+00:00,^BVSP,117632.0
2020-01-15 00:00:00+00:00,ABEV3.SA,15.80446720123291
2020-01-15 00:00:00+00:00,VALE3.SA,35.860694885253906
2020-01-15 00:00:00+00:00,^BVSP,116414.0
2020-01-16 00:00:00+00:00,ABEV3.SA,15.75391960144043
2020-01-16 00:00:00+00:00,VALE3.SA,35.673179626464844
2020-01-16 00:00:00+00:00,^BVSP,116704.0
2020-01-17 00:00:00+00:00,ABEV3.SA,15.75391960144043
2020-01-17 00:00:00+00:00,VALE3.SA,36.85646438598633
2020-01-17 00:00:00+00:00,^BVSP,118478.0
2020-01-20 00:00:00+00:00,ABEV3.SA,15.838164329528809
2020-01-20 00:00:00+00:00,VALE3.SA,37.0892448425293
2020-01-20 00:00:00+00:00,^BVSP,118862.0
2020-01-21 00:00:00+00:00,ABEV3.SA,15.787616729736328
2020-01-21 00:00:00+00:00,VALE3.SA,36.22925567626953
2020-01-21 00:00:00+00:00,^BVSP,117026.0
2020-01-22 00:00:00+00:00,ABEV3.SA,16.04878044128418
2020-01-22 00:00:00+00:00,VALE3.SA,36.403846740722656
2020-01-22 00:00:00+00:00,^BVSP,118391.0
2020-01-23 00:00:00+00:00,ABEV3.SA,15.711798667907715
2020-01-23 00:00:00+00:00,VALE3.SA,35.88655471801758
2020-01-23 00:00:00+00:00,^BVSP,119528.0
2020-01-24 00:00:00+00:00,ABEV3.SA,15.998231887817383
2020-01-24 00:00:00+00:00,VALE3.SA,34.78733444213867
2020-01-24 00:00:00+00:00,^BVSP,118376.0
2020-01-27 00:00:00+00:00,ABEV3.SA,15.627552032470703
2020-01-27 00:00:00+00:00,VALE3.SA,32.65999984741211
2020-01-27 00:00:00+00:00,^BVSP,114482.0
2020-01-28 00:00:00+00:00,ABEV3.SA,15.838164329528809
2020-01-28 00:00:00+00:00,VALE3.SA,33.10615921020508
2020-01-28 00:00:00+00:00,^BVSP,116479.0
2020-01-29 00:00:00+00:00,ABEV3.SA,15.416938781738281
2020-01-29 00:00:00+00:00,VALE3.SA,32.815185546875
2020-01-29 00:00:00+00:00,^BVSP,115385.0
2020-01-30 00:00:00+00:00,ABEV3.SA,15.45063591003418
2020-01-30 00:00:00+00:00,VALE3.SA,33.300140380859375
2020-01-30 00:00:00+00:00,^BVSP,115528.0
2020-01-31 00:00:00+00:00,ABEV3.SA,15.03783130645752
2020-01-31 00:00:00+00:00,VALE3.SA,32.504817962646484
2020-01-31 00:00:00+00:00,^BVSP,113761.0
2020-02-03 00:00:00+00:00,ABEV3.SA,14.818793296813965
2020-02-03 00:00:00+00:00,VALE3.SA,32.91864776611328
2020-02-03 00:00:00+00:00,^BVSP,114629.0
2020-02-04 00:00:00+00:00,ABEV3.SA,14.869340896606445
2020-02-04 00:00:00+00:00,VALE3.SA,33.79802322387695
2020-02-04 00:00:00+00:00,^BVSP,115557.0
2020-02-05 00:00:00+00:00,ABEV3.SA,14.53235912322998
2020-02-05 00:00:00+00:00,VALE3.SA,34.263580322265625
2020-02-05 00:00:00+00:00,^BVSP,116028.0
2020-02-06 00:00:00+00:00,ABEV3.SA,14.212225914001465
2020-02-06 00:00:00+00:00,VALE3.SA,34.45109558105469
2020-02-06 00:00:00+00:00,^BVSP,115190.0
2020-02-07 00:00:00+00:00,ABEV3.SA,14.254347801208496
2020-02-07 00:00:00+00:00,VALE3.SA,33.6880989074707
2020-02-07 00:00:00+00:00,^BVSP,113770.0
2020-02-10 00:00:00+00:00,ABEV3.SA,14.094282150268555
2020-02-10 00:00:00+00:00,VALE3.SA,32.45308303833008
2020-02-10 00:00:00+00:00,^BVSP,112570.0
2020-02-11 00:00:00+00:00,ABEV3.SA,14.153253555297852
2020-02-11 00:00:00+00:00,VALE3.SA,33.65576934814453
2020-02-11 00:00:00+00:00,^BVSP,115371.0
2020-02-12 00:00:00+00:00,ABEV3.SA,14.026885986328125
2020-02-12 00:00:00+00:00,VALE3.SA,34.315311431884766
2020-02-12 00:00:00+00:00,^BVSP,116674.0
2020-02-13 00:00:00+00:00,ABEV3.SA,13.70675277709961
2020-02-13 00:00:00+00:00,VALE3.SA,33.713966369628906
2020-02-13 00:00:00+00:00,^BVSP,115662.0
2020-02-14 00:00:00+00:00,ABEV3.SA,13.824695587158203
2020-02-14 00:00:00+00:00,VALE3.SA,32.976837158203125
2020-02-14 00:00:00+00:00,^BVSP,114381.0
2020-02-17 00:00:00+00:00,ABEV3.SA,13.984763145446777
2020-02-17 00:00:00+00:00,VALE3.SA,34.53515625
2020-02-17 00:00:00+00:00,^BVSP,115309.0
2020-02-18 00:00:00+00:00,ABEV3.SA,13.63093090057373
2020-02-18 00:00:00+00:00,VALE3.SA,34.14072036743164
2020-02-18 00:00:00+00:00,^BVSP,114977.0
2020-02-19 00:00:00+00:00,ABEV3.SA,13.588808059692383
2020-02-19 00:00:00+00:00,VALE3.SA,34.14719009399414
2020-02-19 00:00:00+00:00,^BVSP,116518.0
2020-02-20 00:00:00+00:00,ABEV3.SA,13.622507095336914
2020-02-20 00:00:00+00:00,VALE3.SA,33.75275802612305
2020-02-20 00:00:00+00:00,^BVSP,114586.0
2020-02-21 00:00:00+00:00,ABEV3.SA,13.689903259277344
2020-02-21 00:00:00+00:00,VALE3.SA,32.4142951965332
2020-02-21 00:00:00+00:00,^BVSP,113681.0
2020-02-26 00:00:00+00:00,ABEV3.SA,13.327648162841797
2020-02-26 00:00:00+00:00,VALE3.SA,29.32352066040039
2020-02-26 00:00:00+00:00,^BVSP,105718.0
2020-02-27 00:00:00+00:00,ABEV3.SA,12.215606689453125
2020-02-27 00:00:00+00:00,VALE3.SA,28.75450897216797
2020-02-27 00:00:00+00:00,^BVSP,102984.0
2020-02-28 00:00:00+00:00,ABEV3.SA,12.249303817749023
2020-02-28 00:00:00+00:00,VALE3.SA,28.65105438232422
2020-02-28 00:00:00+00:00,^BVSP,104172.0
2020-03-02 00:00:00+00:00,ABEV3.SA,12.400946617126465
2020-03-02 00:00:00+00:00,VALE3.SA,29.97658920288086
2020-03-02 00:00:00+00:00,^BVSP,106625.0
2020-03-03 00:00:00+00:00,ABEV3.SA,12.417795181274414
2020-03-03 00:00:00+00:00,VALE3.SA,29.970130920410156
2020-03-03 00:00:00+00:00,^BVSP,105537.0
2020-03-04 00:00:00+00:00,ABEV3.SA,12.897995948791504
2020-03-04 00:00:00+00:00,VALE3.SA,31.405590057373047
2020-03-04 00:00:00+00:00,^BVSP,107224.0
2020-03-05 00:00:00+00:00,ABEV3.SA,12.830598831176758
2020-03-05 00:00:00+00:00,VALE3.SA,30.29343032836914
2020-03-05 00:00:00+00:00,^BVSP,102233.0
2020-03-06 00:00:00+00:00,ABEV3.SA,12.90641975402832
2020-03-06 00:00:00+00:00,VALE3.SA,28.845033645629883
2020-03-06 00:00:00+00:00,^BVSP,97997.0
2020-03-09 00:00:00+00:00,ABEV3.SA,12.358823776245117
2020-03-09 00:00:00+00:00,VALE3.SA,24.4610538482666
2020-03-09 00:00:00+00:00,^BVSP,86067.0
2020-03-10 00:00:00+00:00,ABEV3.SA,12.148209571838379
2020-03-10 00:00:00+00:00,VALE3.SA,28.97435760498047
2020-03-10 00:00:00+00:00,^BVSP,92214.0
2020-03-11 00:00:00+00:00,ABEV3.SA,11.583763122558594
2020-03-11 00:00:00+00:00,VALE3.SA,26.342674255371094
2020-03-11 00:00:00+00:00,^BVSP,85171.0
2020-03-12 00:00:00+00:00,ABEV3.SA,9.755636215209961
2020-03-12 00:00:00+00:00,VALE3.SA,22.85747528076172
2020-03-12 00:00:00+00:00,^BVSP,72583.0
2020-03-13 00:00:00+00:00,ABEV3.SA,10.699185371398926
2020-03-13 00:00:00+00:00,VALE3.SA,27.739337921142578
2020-03-13 00:00:00+00:00,^BVSP,82678.0
2020-03-16 00:00:00+00:00,ABEV3.SA,9.29228401184082
2020-03-16 00:00:00+00:00,VALE3.SA,25.24344253540039
2020-03-16 00:00:00+00:00,^BVSP,71168.0
2020-03-17 00:00:00+00:00,ABEV3.SA,9.848305702209473
2020-03-17 00:00:00+00:00,VALE3.SA,26.84055519104004
2020-03-17 00:00:00+00:00,^BVSP,74617.0
2020-03-18 00:00:00+00:00,ABEV3.SA,9.427077293395996
2020-03-18 00:00:00+00:00,VALE3.SA,24.991270065307617
2020-03-18 00:00:00+00:00,^BVSP,66895.0
2020-03-19 00:00:00+00:00,ABEV3.SA,9.856729507446289
2020-03-19 00:00:00+00:00,VALE3.SA,23.53641128540039
2020-03-19 00:00:00+00:00,^BVSP,68332.0
2020-03-20 00:00:00+00:00,ABEV3.SA,10.151589393615723
2020-03-20 00:00:00+00:00,VALE3.SA,22.754016876220703
2020-03-20 00:00:00+00:00,^BVSP,67069.0
2020-03-23 00:00:00+00:00,ABEV3.SA,9.696663856506348
2020-03-23 00:00:00+00:00,VALE3.SA,22.049217224121094
2020-03-23 00:00:00+00:00,^BVSP,63570.0
2020-03-24 00:00:00+00:00,ABEV3.SA,9.511324882507324
2020-03-24 00:00:00+00:00,VALE3.SA,24.338197708129883
2020-03-24 00:00:00+00:00,^BVSP,69729.0
2020-03-25 00:00:00+00:00,ABEV3.SA,9.814607620239258
2020-03-25 00:00:00+00:00,VALE3.SA,26.41379737854004
2020-03-25 00:00:00+00:00,^BVSP,74956.0
2020-03-26 00:00:00+00:00,ABEV3.SA,10.783432006835938
2020-03-26 00:00:00+00:00,VALE3.SA,27.15739631652832
2020-03-26 00:00:00+00:00,^BVSP,77710.0
2020-03-27 00:00:00+00:00,ABEV3.SA,10.522271156311035
2020-03-27 00:00:00+00:00,VALE3.SA,25.92884635925293
2020-03-27 00:00:00+00:00,^BVSP,73429.0
2020-03-30 00:00:00+00:00,ABEV3.SA,10.5728178024292
2020-03-30 00:00:00+00:00,VALE3.SA,27.008676528930664
2020-03-30 00:00:00+00:00,^BVSP,74640.0
2020-03-31 00:00:00+00:00,ABEV3.SA,10.042070388793945
2020-03-31 00:00:00+00:00,VALE3.SA,27.946258544921875
2020-03-31 00:00:00+00:00,^BVSP,73020.0
2020-04-01 00:00:00+00:00,ABEV3.SA,9.848305702209473
2020-04-01 00:00:00+00:00,VALE3.SA,28.043245315551758
2020-04-01 00:00:00+00:00,^BVSP,70967.0
2020-04-02 00:00:00+00:00,ABEV3.SA,10.101041793823242
2020-04-02 00:00:00+00:00,VALE3.SA,27.661746978759766
2020-04-02 00:00:00+00:00,^BVSP,72253.0
2020-04-03 00:00:00+00:00,ABEV3.SA,9.595569610595703
2020-04-03 00:00:00+00:00,VALE3.SA,26.187490463256836
2020-04-03 00:00:00+00:00,^BVSP,69538.0
2020-04-06 00:00:00+00:00,ABEV3.SA,9.991523742675781
2020-04-06 00:00:00+00:00,VALE3.SA,27.8880615234375
2020-04-06 00:00:00+00:00,^BVSP,74073.0
2020-04-07 00:00:00+00:00,ABEV3.SA,10.454873085021973
2020-04-07 00:00:00+00:00,VALE3.SA,28.308349609375
2020-04-07 00:00:00+00:00,^BVSP,76358.0
2020-04-08 00:00:00+00:00,ABEV3.SA,10.370630264282227
2020-04-08 00:00:00+00:00,VALE3.SA,28.13376808166504
2020-04-08 00:00:00+00:00,^BVSP,78625.0
2020-04-09 00:00:00+00:00,ABEV3.SA,10.193713188171387
2020-04-09 00:00:00+00:00,VALE3.SA,27.985050201416016
2020-04-09 00:00:00+00:00,^BVSP,77682.0
2020-04-13 00:00:00+00:00,ABEV3.SA,10.193713188171387
2020-04-13 00:00:00+00:00,VALE3.SA,28.819169998168945
2020-04-13 00:00:00+00:00,^BVSP,78836.0
2020-04-14 00:00:00+00:00,ABEV3.SA,10.18528938293457
2020-04-14 00:00:00+00:00,VALE3.SA,28.793296813964844
2020-04-14 00:00:00+00:00,^BVSP,79918.0
2020-04-15 00:00:00+00:00,ABEV3.SA,10.033645629882812
2020-04-15 00:00:00+00:00,VALE3.SA,27.92685317993164
2020-04-15 00:00:00+00:00,^BVSP,78831.0
2020-04-16 00:00:00+00:00,ABEV3.SA,9.646116256713867
2020-04-16 00:00:00+00:00,VALE3.SA,27.648813247680664
2020-04-16 00:00:00+00:00,^BVSP,77812.0
2020-04-17 00:00:00+00:00,ABEV3.SA,9.772485733032227
2020-04-17 00:00:00+00:00,VALE3.SA,28.450603485107422
2020-04-17 00:00:00+00:00,^BVSP,78990.0
2020-04-20 00:00:00+00:00,ABEV3.SA,9.780908584594727
2020-04-20 00:00:00+00:00,VALE3.SA,27.454832077026367
2020-04-20 00:00:00+00:00,^BVSP,78973.0
2020-04-22 00:00:00+00:00,ABEV3.SA,9.789334297180176
2020-04-22 00:00:00+00:00,VALE3.SA,27.739337921142578
2020-04-22 00:00:00+00:00,^BVSP,80687.0
2020-04-23 00:00:00+00:00,ABEV3.SA,9.730362892150879
2020-04-23 00:00:00+00:00,VALE3.SA,28.13376808166504
2020-04-23 00:00:00+00:00,^BVSP,79673.0
2020-04-24 00:00:00+00:00,ABEV3.SA,9.359681129455566
2020-04-24 00:00:00+00:00,VALE3.SA,28.2954158782959
2020-04-24 00:00:00+00:00,^BVSP,75331.0
2020-04-27 00:00:00+00:00,ABEV3.SA,9.780908584594727
2020-04-27 00:00:00+00:00,VALE3.SA,28.80624008178711
2020-04-27 00:00:00+00:00,^BVSP,78239.0
2020-04-28 00:00:00+00:00,ABEV3.SA,9.856729507446289
2020-04-28 00:00:00+00:00,VALE3.SA,28.845033645629883
2020-04-28 00:00:00+00:00,^BVSP,81312.0
2020-04-29 00:00:00+00:00,ABEV3.SA,9.831457138061523
2020-04-29 00:00:00+00:00,VALE3.SA,30.215837478637695
2020-04-29 00:00:00+00:00,^BVSP,83171.0
2020-04-30 00:00:00+00:00,ABEV3.SA,9.553445816040039
2020-04-30 00:00:00+00:00,VALE3.SA,29.006685256958008
2020-04-30 00:00:00+00:00,^BVSP,80506.0
2020-05-04 00:00:00+00:00,ABEV3.SA,9.90727710723877
2020-05-04 00:00:00+00:00,VALE3.SA,28.40534019470215
2020-05-04 00:00:00+00:00,^BVSP,78876.0
2020-05-05 00:00:00+00:00,ABEV3.SA,10.058919906616211
2020-05-05 00:00:00+00:00,VALE3.SA,28.25662612915039
2020-05-05 00:00:00+00:00,^BVSP,79471.0
2020-05-06 00:00:00+00:00,ABEV3.SA,9.966249465942383
2020-05-06 00:00:00+00:00,VALE3.SA,28.663990020751953
2020-05-06 00:00:00+00:00,^BVSP,79064.0
2020-05-07 00:00:00+00:00,ABEV3.SA,9.721936225891113
2020-05-07 00:00:00+00:00,VALE3.SA,29.77614402770996
2020-05-07 00:00:00+00:00,^BVSP,78119.0
2020-05-08 00:00:00+00:00,ABEV3.SA,10.143165588378906
2020-05-08 00:00:00+00:00,VALE3.SA,31.58663558959961
2020-05-08 00:00:00+00:00,^BVSP,80263.0
2020-05-11 00:00:00+00:00,ABEV3.SA,10.058919906616211
2020-05-11 00:00:00+00:00,VALE3.SA,30.862438201904297
2020-05-11 00:00:00+00:00,^BVSP,79065.0
2020-05-12 00:00:00+00:00,ABEV3.SA,9.873579978942871
2020-05-12 00:00:00+00:00,VALE3.SA,30.687856674194336
2020-05-12 00:00:00+00:00,^BVSP,77872.0
2020-05-13 00:00:00+00:00,ABEV3.SA,9.486050605773926
2020-05-13 00:00:00+00:00,VALE3.SA,31.38619041442871
2020-05-13 00:00:00+00:00,^BVSP,77772.0
2020-05-14 00:00:00+00:00,ABEV3.SA,9.890427589416504
2020-05-14 00:00:00+00:00,VALE3.SA,31.09522247314453
2020-05-14 00:00:00+00:00,^BVSP,79011.0
2020-05-15 00:00:00+00:00,ABEV3.SA,9.806183815002441
2020-05-15 00:00:00+00:00,VALE3.SA,31.069353103637695
2020-05-15 00:00:00+00:00,^BVSP,77557.0
2020-05-18 00:00:00+00:00,ABEV3.SA,10.193713188171387
2020-05-18 00:00:00+00:00,VALE3.SA,33.14495086669922
2020-05-18 00:00:00+00:00,^BVSP,81194.0
2020-05-19 00:00:00+00:00,ABEV3.SA,10.058919906616211
2020-05-19 00:00:00+00:00,VALE3.SA,33.81741714477539
2020-05-19 00:00:00+00:00,^BVSP,80742.0
2020-05-20 00:00:00+00:00,ABEV3.SA,10.227411270141602
2020-05-20 00:00:00+00:00,VALE3.SA,33.94674301147461
2020-05-20 00:00:00+00:00,^BVSP,81319.0
2020-05-21 00:00:00+00:00,ABEV3.SA,10.00837230682373
2020-05-21 00:00:00+00:00,VALE3.SA,33.06089401245117
2020-05-21 00:00:00+00:00,^BVSP,83027.0
2020-05-22 00:00:00+00:00,ABEV3.SA,9.890427589416504
2020-05-22 00:00:00+00:00,VALE3.SA,32.504817962646484
2020-05-22 00:00:00+00:00,^BVSP,82173.0
2020-05-25 00:00:00+00:00,ABEV3.SA,10.336930274963379
2020-05-25 00:00:00+00:00,VALE3.SA,32.39488983154297
2020-05-25 00:00:00+00:00,^BVSP,85663.0
2020-05-26 00:00:00+00:00,ABEV3.SA,10.555968284606934
2020-05-26 00:00:00+00:00,VALE3.SA,31.812944412231445
2020-05-26 00:00:00+00:00,^BVSP,85469.0
2020-05-27 00:00:00+00:00,ABEV3.SA,11.272055625915527
2020-05-27 00:00:00+00:00,VALE3.SA,32.74406433105469
2020-05-27 00:00:00+00:00,^BVSP,87946.0
2020-05-28 00:00:00+00:00,ABEV3.SA,10.800281524658203
2020-05-28 00:00:00+00:00,VALE3.SA,32.388427734375
2020-05-28 00:00:00+00:00,^BVSP,86949.0
2020-05-29 00:00:00+00:00,ABEV3.SA,10.513845443725586
2020-05-29 00:00:00+00:00,VALE3.SA,34.270042419433594
2020-05-29 00:00:00+00:00,^BVSP,87403.0
2020-06-01 00:00:00+00:00,ABEV3.SA,10.614941596984863
2020-06-01 00:00:00+00:00,VALE3.SA,34.54161834716797
2020-06-01 00:00:00+00:00,^BVSP,88620.0
2020-06-02 00:00:00+00:00,ABEV3.SA,10.92664909362793
2020-06-02 00:00:00+00:00,VALE3.SA,34.54161834716797
2020-06-02 00:00:00+00:00,^BVSP,91046.0
2020-06-03 00:00:00+00:00,ABEV3.SA,11.16253662109375
2020-06-03 00:00:00+00:00,VALE3.SA,34.696800231933594
2020-06-03 00:00:00+00:00,^BVSP,93002.0
2020-06-04 00:00:00+00:00,ABEV3.SA,11.272055625915527
2020-06-04 00:00:00+00:00,VALE3.SA,35.990020751953125
2020-06-04 00:00:00+00:00,^BVSP,93829.0
2020-06-05 00:00:00+00:00,ABEV3.SA,11.836501121520996
2020-06-05 00:00:00+00:00,VALE3.SA,35.31108474731445
2020-06-05 00:00:00+00:00,^BVSP,94637.0
2020-06-08 00:00:00+00:00,ABEV3.SA,12.29985237121582
2020-06-08 00:00:00+00:00,VALE3.SA,35.42100524902344
2020-06-08 00:00:00+00:00,^BVSP,97645.0
2020-06-09 00:00:00+00:00,ABEV3.SA,12.063963890075684
2020-06-09 00:00:00+00:00,VALE3.SA,35.55678939819336
2020-06-09 00:00:00+00:00,^BVSP,96747.0
2020-06-10 00:00:00+00:00,ABEV3.SA,11.760680198669434
2020-06-10 00:00:00+00:00,VALE3.SA,35.04597091674805
2020-06-10 00:00:00+00:00,^BVSP,94686.0
2020-06-12 00:00:00+00:00,ABEV3.SA,11.432122230529785
2020-06-12 00:00:00+00:00,VALE3.SA,34.528690338134766
2020-06-12 00:00:00+00:00,^BVSP,92795.0
2020-06-15 00:00:00+00:00,ABEV3.SA,11.314178466796875
2020-06-15 00:00:00+00:00,VALE3.SA,34.83905792236328
2020-06-15 00:00:00+00:00,^BVSP,92376.0
2020-06-16 00:00:00+00:00,ABEV3.SA,11.170961380004883
2020-06-16 00:00:00+00:00,VALE3.SA,35.81543731689453
2020-06-16 00:00:00+00:00,^BVSP,93531.0
2020-06-17 00:00:00+00:00,ABEV3.SA,11.600614547729492
2020-06-17 00:00:00+00:00,VALE3.SA,36.33918380737305
2020-06-17 00:00:00+00:00,^BVSP,95547.0
2020-06-18 00:00:00+00:00,ABEV3.SA,11.524792671203613
2020-06-18 00:00:00+00:00,VALE3.SA,36.31977844238281
2020-06-18 00:00:00+00:00,^BVSP,96125.0
2020-06-19 00:00:00+00:00,ABEV3.SA,11.659586906433105
2020-06-19 00:00:00+00:00,VALE3.SA,35.673179626464844
2020-06-19 00:00:00+00:00,^BVSP,96572.0
2020-06-22 00:00:00+00:00,ABEV3.SA,11.88704776763916
2020-06-22 00:00:00+00:00,VALE3.SA,35.56325912475586
2020-06-22 00:00:00+00:00,^BVSP,95336.0
2020-06-23 00:00:00+00:00,ABEV3.SA,11.735407829284668
2020-06-23 00:00:00+00:00,VALE3.SA,35.94475555419922
2020-06-23 00:00:00+00:00,^BVSP,95975.0
2020-06-24 00:00:00+00:00,ABEV3.SA,11.524792671203613
2020-06-24 00:00:00+00:00,VALE3.SA,35.81543731689453
2020-06-24 00:00:00+00:00,^BVSP,94377.0
2020-06-25 00:00:00+00:00,ABEV3.SA,11.94602108001709
2020-06-25 00:00:00+00:00,VALE3.SA,36.20985794067383
2020-06-25 00:00:00+00:00,^BVSP,95983.0
2020-06-26 00:00:00+00:00,ABEV3.SA,11.7522554397583
2020-06-26 00:00:00+00:00,VALE3.SA,35.964141845703125
2020-06-26 00:00:00+00:00,^BVSP,93834.0
2020-06-29 00:00:00+00:00,ABEV3.SA,12.013416290283203
2020-06-29 00:00:00+00:00,VALE3.SA,35.97062301635742
2020-06-29 00:00:00+00:00,^BVSP,95735.0
2020-06-30 00:00:00+00:00,ABEV3.SA,11.912322044372559
2020-06-30 00:00:00+00:00,VALE3.SA,36.15812683105469
2020-06-30 00:00:00+00:00,^BVSP,95056.0
2020-07-01 00:00:00+00:00,ABEV3.SA,12.097661972045898
2020-07-01 00:00:00+00:00,VALE3.SA,35.26581954956055
2020-07-01 00:00:00+00:00,^BVSP,96203.0
2020-07-02 00:00:00+00:00,ABEV3.SA,11.93759536743164
2020-07-02 00:00:00+00:00,VALE3.SA,35.880096435546875
2020-07-02 00:00:00+00:00,^BVSP,96235.0
2020-07-03 00:00:00+00:00,ABEV3.SA,11.912322044372559
2020-07-03 00:00:00+00:00,VALE3.SA,35.73136901855469
2020-07-03 00:00:00+00:00,^BVSP,96765.0
2020-07-06 00:00:00+00:00,ABEV3.SA,12.097661972045898
2020-07-06 00:00:00+00:00,VALE3.SA,36.578426361083984
2020-07-06 00:00:00+00:00,^BVSP,98937.0
2020-07-07 00:00:00+00:00,ABEV3.SA,12.173482894897461
2020-07-07 00:00:00+00:00,VALE3.SA,36.44910430908203
2020-07-07 00:00:00+00:00,^BVSP,97761.0
2020-07-08 00:00:00+00:00,ABEV3.SA,12.392521858215332
2020-07-08 00:00:00+00:00,VALE3.SA,37.06338119506836
2020-07-08 00:00:00+00:00,^BVSP,99770.0
2020-07-09 00:00:00+00:00,ABEV3.SA,12.333550453186035
2020-07-09 00:00:00+00:00,VALE3.SA,36.4814338684082
2020-07-09 00:00:00+00:00,^BVSP,99160.0
2020-07-10 00:00:00+00:00,ABEV3.SA,12.510464668273926
2020-07-10 00:00:00+00:00,VALE3.SA,36.83706283569336
2020-07-10 00:00:00+00:00,^BVSP,100032.0
2020-07-13 00:00:00+00:00,ABEV3.SA,11.794378280639648
2020-07-13 00:00:00+00:00,VALE3.SA,37.27676010131836
2020-07-13 00:00:00+00:00,^BVSP,98697.0
2020-07-14 00:00:00+00:00,ABEV3.SA,11.718557357788086
2020-07-14 00:00:00+00:00,VALE3.SA,39.895511627197266
2020-07-14 00:00:00+00:00,^BVSP,100440.0
2020-07-15 00:00:00+00:00,ABEV3.SA,12.038690567016602
2020-07-15 00:00:00+00:00,VALE3.SA,39.953704833984375
2020-07-15 00:00:00+00:00,^BVSP,101791.0
2020-07-16 00:00:00+00:00,ABEV3.SA,11.836501121520996
2020-07-16 00:00:00+00:00,VALE3.SA,38.873870849609375
2020-07-16 00:00:00+00:00,^BVSP,100553.0
2020-07-17 00:00:00+00:00,ABEV3.SA,11.929170608520508
2020-07-17 00:00:00+00:00,VALE3.SA,39.46875
2020-07-17 00:00:00+00:00,^BVSP,102888.0
2020-07-20 00:00:00+00:00,ABEV3.SA,11.89547348022461
2020-07-20 00:00:00+00:00,VALE3.SA,39.313568115234375
2020-07-20 00:00:00+00:00,^BVSP,104426.0
2020-07-21 00:00:00+00:00,ABEV3.SA,12.36724853515625
2020-07-21 00:00:00+00:00,VALE3.SA,38.60230255126953
2020-07-21 00:00:00+00:00,^BVSP,104310.0
2020-07-22 00:00:00+00:00,ABEV3.SA,12.392521858215332
2020-07-22 00:00:00+00:00,VALE3.SA,38.30485916137695
2020-07-22 00:00:00+00:00,^BVSP,104290.0
2020-07-23 00:00:00+00:00,ABEV3.SA,12.131360054016113
2020-07-23 00:00:00+00:00,VALE3.SA,38.05268478393555
2020-07-23 00:00:00+00:00,^BVSP,102293.0
2020-07-24 00:00:00+00:00,ABEV3.SA,12.577862739562988
2020-07-24 00:00:00+00:00,VALE3.SA,37.89103698730469
2020-07-24 00:00:00+00:00,^BVSP,102382.0
2020-07-27 00:00:00+00:00,ABEV3.SA,12.872720718383789
2020-07-27 00:00:00+00:00,VALE3.SA,39.682125091552734
2020-07-27 00:00:00+00:00,^BVSP,104477.0
2020-07-28 00:00:00+00:00,ABEV3.SA,12.712656021118164
2020-07-28 00:00:00+00:00,VALE3.SA,39.01612854003906
2020-07-28 00:00:00+00:00,^BVSP,104109.0
2020-07-29 00:00:00+00:00,ABEV3.SA,12.763201713562012
2020-07-29 00:00:00+00:00,VALE3.SA,40.70376205444336
2020-07-29 00:00:00+00:00,^BVSP,105605.0
2020-07-30 00:00:00+00:00,ABEV3.SA,12.257729530334473
2020-07-30 00:00:00+00:00,VALE3.SA,39.61746597290039
2020-07-30 00:00:00+00:00,^BVSP,105009.0
2020-07-31 00:00:00+00:00,ABEV3.SA,11.710132598876953
2020-07-31 00:00:00+00:00,VALE3.SA,39.25537109375
2020-07-31 00:00:00+00:00,^BVSP,102912.0
2020-08-03 00:00:00+00:00,ABEV3.SA,11.550066947937012
2020-08-03 00:00:00+00:00,VALE3.SA,38.96439743041992
2020-08-03 00:00:00+00:00,^BVSP,102830.0
2020-08-04 00:00:00+00:00,ABEV3.SA,11.28890609741211
2020-08-04 00:00:00+00:00,VALE3.SA,39.248905181884766
2020-08-04 00:00:00+00:00,^BVSP,101216.0
2020-08-05 00:00:00+00:00,ABEV3.SA,11.103565216064453
2020-08-05 00:00:00+00:00,VALE3.SA,40.212345123291016
2020-08-05 00:00:00+00:00,^BVSP,102802.0
2020-08-06 00:00:00+00:00,ABEV3.SA,11.170961380004883
2020-08-06 00:00:00+00:00,VALE3.SA,39.97956466674805
2020-08-06 00:00:00+00:00,^BVSP,104126.0
2020-08-07 00:00:00+00:00,ABEV3.SA,11.213085174560547
2020-08-07 00:00:00+00:00,VALE3.SA,39.087249755859375
2020-08-07 00:00:00+00:00,^BVSP,102776.0
2020-08-10 00:00:00+00:00,ABEV3.SA,11.154111862182617
2020-08-10 00:00:00+00:00,VALE3.SA,40.21881103515625
2020-08-10 00:00:00+00:00,^BVSP,103444.0
2020-08-11 00:00:00+00:00,ABEV3.SA,11.29732894897461
2020-08-11 00:00:00+00:00,VALE3.SA,38.977333068847656
2020-08-11 00:00:00+00:00,^BVSP,102174.0
2020-08-12 00:00:00+00:00,ABEV3.SA,11.356301307678223
2020-08-12 00:00:00+00:00,VALE3.SA,39.76618957519531
2020-08-12 00:00:00+00:00,^BVSP,102118.0
2020-08-13 00:00:00+00:00,ABEV3.SA,11.128838539123535
2020-08-13 00:00:00+00:00,VALE3.SA,39.02259063720703
2020-08-13 00:00:00+00:00,^BVSP,100461.0
2020-08-14 00:00:00+00:00,ABEV3.SA,11.170961380004883
2020-08-14 00:00:00+00:00,VALE3.SA,39.66919708251953
2020-08-14 00:00:00+00:00,^BVSP,101353.0
2020-08-17 00:00:00+00:00,ABEV3.SA,10.825554847717285
2020-08-17 00:00:00+00:00,VALE3.SA,40.23820877075195
2020-08-17 00:00:00+00:00,^BVSP,99595.0
2020-08-18 00:00:00+00:00,ABEV3.SA,11.019319534301758
2020-08-18 00:00:00+00:00,VALE3.SA,40.7748908996582
2020-08-18 00:00:00+00:00,^BVSP,102065.0
2020-08-19 00:00:00+00:00,ABEV3.SA,10.825554847717285
2020-08-19 00:00:00+00:00,VALE3.SA,40.34166717529297
2020-08-19 00:00:00+00:00,^BVSP,100854.0
2020-08-20 00:00:00+00:00,ABEV3.SA,10.850828170776367
2020-08-20 00:00:00+00:00,VALE3.SA,40.70376205444336
2020-08-20 00:00:00+00:00,^BVSP,101468.0
2020-08-21 00:00:00+00:00,ABEV3.SA,10.92664909362793
2020-08-21 00:00:00+00:00,VALE3.SA,40.21881103515625
2020-08-21 00:00:00+00:00,^BVSP,101521.0
2020-08-24 00:00:00+00:00,ABEV3.SA,10.833978652954102
2020-08-24 00:00:00+00:00,VALE3.SA,40.71023178100586
2020-08-24 00:00:00+00:00,^BVSP,102298.0
2020-08-25 00:00:00+00:00,ABEV3.SA,10.74130916595459
2020-08-25 00:00:00+00:00,VALE3.SA,39.843780517578125
2020-08-25 00:00:00+00:00,^BVSP,102118.0
2020-08-26 00:00:00+00:00,ABEV3.SA,10.699185371398926
2020-08-26 00:00:00+00:00,VALE3.SA,39.92783737182617
2020-08-26 00:00:00+00:00,^BVSP,100627.0
2020-08-27 00:00:00+00:00,ABEV3.SA,10.682337760925293
2020-08-27 00:00:00+00:00,VALE3.SA,39.30709457397461
2020-08-27 00:00:00+00:00,^BVSP,100624.0
2020-08-28 00:00:00+00:00,ABEV3.SA,10.74130916595459
2020-08-28 00:00:00+00:00,VALE3.SA,39.50754928588867
2020-08-28 00:00:00+00:00,^BVSP,102143.0
2020-08-31 00:00:00+00:00,ABEV3.SA,10.370630264282227
2020-08-31 00:00:00+00:00,VALE3.SA,38.5893669128418
2020-08-31 00:00:00+00:00,^BVSP,99369.0
2020-09-01 00:00:00+00:00,ABEV3.SA,10.657062530517578
2020-09-01 00:00:00+00:00,VALE3.SA,39.93430709838867
2020-09-01 00:00:00+00:00,^BVSP,102168.0
2020-09-02 00:00:00+00:00,ABEV3.SA,10.749732971191406
2020-09-02 00:00:00+00:00,VALE3.SA,39.64979553222656
2020-09-02 00:00:00+00:00,^BVSP,101911.0
2020-09-03 00:00:00+00:00,ABEV3.SA,10.614941596984863
2020-09-03 00:00:00+00:00,VALE3.SA,38.356590270996094
2020-09-03 00:00:00+00:00,^BVSP,100721.0
2020-09-04 00:00:00+00:00,ABEV3.SA,10.614941596984863
2020-09-04 00:00:00+00:00,VALE3.SA,39.11311340332031
2020-09-04 00:00:00+00:00,^BVSP,101242.0
2020-09-08 00:00:00+00:00,ABEV3.SA,10.404326438903809
2020-09-08 00:00:00+00:00,VALE3.SA,38.32426071166992
2020-09-08 00:00:00+00:00,^BVSP,100050.0
2020-09-09 00:00:00+00:00,ABEV3.SA,10.404326438903809
2020-09-09 00:00:00+00:00,VALE3.SA,38.79627990722656
2020-09-09 00:00:00+00:00,^BVSP,101292.0
2020-09-10 00:00:00+00:00,ABEV3.SA,10.370630264282227
2020-09-10 00:00:00+00:00,VALE3.SA,37.845767974853516
2020-09-10 00:00:00+00:00,^BVSP,98835.0
2020-09-11 00:00:00+00:00,ABEV3.SA,10.143165588378906
2020-09-11 00:00:00+00:00,VALE3.SA,40.057159423828125
2020-09-11 00:00:00+00:00,^BVSP,98363.0
2020-09-14 00:00:00+00:00,ABEV3.SA,10.589666366577148
2020-09-14 00:00:00+00:00,VALE3.SA,40.03129577636719
2020-09-14 00:00:00+00:00,^BVSP,100275.0
2020-09-15 00:00:00+00:00,ABEV3.SA,10.859253883361816
2020-09-15 00:00:00+00:00,VALE3.SA,40.477447509765625
2020-09-15 00:00:00+00:00,^BVSP,100298.0
2020-09-16 00:00:00+00:00,ABEV3.SA,10.581242561340332
2020-09-16 00:00:00+00:00,VALE3.SA,39.423484802246094
2020-09-16 00:00:00+00:00,^BVSP,99676.0
2020-09-17 00:00:00+00:00,ABEV3.SA,11.086714744567871
2020-09-17 00:00:00+00:00,VALE3.SA,40.14122009277344
2020-09-17 00:00:00+00:00,^BVSP,100098.0
2020-09-18 00:00:00+00:00,ABEV3.SA,10.775007247924805
2020-09-18 00:00:00+00:00,VALE3.SA,39.86964416503906
2020-09-18 00:00:00+00:00,^BVSP,98290.0
2020-09-21 00:00:00+00:00,ABEV3.SA,10.724458694458008
2020-09-21 00:00:00+00:00,VALE3.SA,38.79627990722656
2020-09-21 00:00:00+00:00,^BVSP,96991.0
2020-09-22 00:00:00+00:00,ABEV3.SA,10.783432006835938
2020-09-22 00:00:00+00:00,VALE3.SA,38.942806243896484
2020-09-22 00:00:00+00:00,^BVSP,97294.0
2020-09-23 00:00:00+00:00,ABEV3.SA,10.480147361755371
2020-09-23 00:00:00+00:00,VALE3.SA,39.811790466308594
2020-09-23 00:00:00+00:00,^BVSP,95735.0
2020-09-24 00:00:00+00:00,ABEV3.SA,10.673912048339844
2020-09-24 00:00:00+00:00,VALE3.SA,39.5153923034668
2020-09-24 00:00:00+00:00,^BVSP,97012.0
2020-09-25 00:00:00+00:00,ABEV3.SA,10.817130088806152
2020-09-25 00:00:00+00:00,VALE3.SA,39.91283416748047
2020-09-25 00:00:00+00:00,^BVSP,96999.0
2020-09-28 00:00:00+00:00,ABEV3.SA,10.513845443725586
2020-09-28 00:00:00+00:00,VALE3.SA,39.596221923828125
2020-09-28 00:00:00+00:00,^BVSP,94666.0
2020-09-29 00:00:00+00:00,ABEV3.SA,10.404326438903809
2020-09-29 00:00:00+00:00,VALE3.SA,39.30656433105469
2020-09-29 00:00:00+00:00,^BVSP,93580.0
2020-09-30 00:00:00+00:00,ABEV3.SA,10.564393043518066
2020-09-30 00:00:00+00:00,VALE3.SA,39.81853103637695
2020-09-30 00:00:00+00:00,^BVSP,94603.0
2020-10-01 00:00:00+00:00,ABEV3.SA,10.699185371398926
2020-10-01 00:00:00+00:00,VALE3.SA,39.65011978149414
2020-10-01 00:00:00+00:00,^BVSP,95479.0
2020-10-02 00:00:00+00:00,ABEV3.SA,10.555968284606934
2020-10-02 00:00:00+00:00,VALE3.SA,39.28635025024414
2020-10-02 00:00:00+00:00,^BVSP,94016.0
2020-10-05 00:00:00+00:00,ABEV3.SA,10.79185676574707
2020-10-05 00:00:00+00:00,VALE3.SA,40.14187240600586
2020-10-05 00:00:00+00:00,^BVSP,96089.0
2020-10-06 00:00:00+00:00,ABEV3.SA,11.238358497619629
2020-10-06 00:00:00+00:00,VALE3.SA,39.48844909667969
2020-10-06 00:00:00+00:00,^BVSP,95615.0
2020-10-07 00:00:00+00:00,ABEV3.SA,11.398425102233887
2020-10-07 00:00:00+00:00,VALE3.SA,40.53257751464844
2020-10-07 00:00:00+00:00,^BVSP,95526.0
2020-10-08 00:00:00+00:00,ABEV3.SA,11.524792671203613
2020-10-08 00:00:00+00:00,VALE3.SA,41.28705596923828
2020-10-08 00:00:00+00:00,^BVSP,97920.0
2020-10-09 00:00:00+00:00,ABEV3.SA,11.432122230529785
2020-10-09 00:00:00+00:00,VALE3.SA,41.495872497558594
2020-10-09 00:00:00+00:00,^BVSP,97483.0
2020-10-13 00:00:00+00:00,ABEV3.SA,11.583763122558594
2020-10-13 00:00:00+00:00,VALE3.SA,41.85963821411133
2020-10-13 00:00:00+00:00,^BVSP,98503.0
2020-10-14 00:00:00+00:00,ABEV3.SA,11.625887870788574
2020-10-14 00:00:00+00:00,VALE3.SA,42.43896484375
2020-10-14 00:00:00+00:00,^BVSP,99334.0
2020-10-15 00:00:00+00:00,ABEV3.SA,11.322603225708008
2020-10-15 00:00:00+00:00,VALE3.SA,42.081939697265625
2020-10-15 00:00:00+00:00,^BVSP,99054.0
2020-10-16 00:00:00+00:00,ABEV3.SA,11.179386138916016
2020-10-16 00:00:00+00:00,VALE3.SA,41.927001953125
2020-10-16 00:00:00+00:00,^BVSP,98309.0
2020-10-19 00:00:00+00:00,ABEV3.SA,11.078290939331055
2020-10-19 00:00:00+00:00,VALE3.SA,41.731651306152344
2020-10-19 00:00:00+00:00,^BVSP,98658.0
2020-10-20 00:00:00+00:00,ABEV3.SA,11.272055625915527
2020-10-20 00:00:00+00:00,VALE3.SA,41.65755081176758
2020-10-20 00:00:00+00:00,^BVSP,100540.0
2020-10-21 00:00:00+00:00,ABEV3.SA,11.263631820678711
2020-10-21 00:00:00+00:00,VALE3.SA,42.337921142578125
2020-10-21 00:00:00+00:00,^BVSP,100552.0
2020-10-22 00:00:00+00:00,ABEV3.SA,11.432122230529785
2020-10-22 00:00:00+00:00,VALE3.SA,42.50633239746094
2020-10-22 00:00:00+00:00,^BVSP,101918.0
2020-10-23 00:00:00+00:00,ABEV3.SA,11.701708793640137
2020-10-23 00:00:00+00:00,VALE3.SA,42.742103576660156
2020-10-23 00:00:00+00:00,^BVSP,101260.0
2020-10-26 00:00:00+00:00,ABEV3.SA,11.962868690490723
2020-10-26 00:00:00+00:00,VALE3.SA,42.10214614868164
2020-10-26 00:00:00+00:00,^BVSP,101017.0
2020-10-27 00:00:00+00:00,ABEV3.SA,11.558489799499512
2020-10-27 00:00:00+00:00,VALE3.SA,42.12235641479492
2020-10-27 00:00:00+00:00,^BVSP,99606.0
2020-10-28 00:00:00+00:00,ABEV3.SA,11.263631820678711
2020-10-28 00:00:00+00:00,VALE3.SA,40.59320831298828
2020-10-28 00:00:00+00:00,^BVSP,95369.0
2020-10-29 00:00:00+00:00,ABEV3.SA,10.859253883361816
2020-10-29 00:00:00+00:00,VALE3.SA,41.77880096435547
2020-10-29 00:00:00+00:00,^BVSP,96582.0
2020-10-30 00:00:00+00:00,ABEV3.SA,10.261109352111816
2020-10-30 00:00:00+00:00,VALE3.SA,40.78855895996094
2020-10-30 00:00:00+00:00,^BVSP,93952.0
2020-11-03 00:00:00+00:00,ABEV3.SA,10.766581535339355
2020-11-03 00:00:00+00:00,VALE3.SA,42.66800308227539
2020-11-03 00:00:00+00:00,^BVSP,95587.0
2020-11-04 00:00:00+00:00,ABEV3.SA,10.800281524658203
2020-11-04 00:00:00+00:00,VALE3.SA,41.48240280151367
2020-11-04 00:00:00+00:00,^BVSP,97811.0
2020-11-05 00:00:00+00:00,ABEV3.SA,11.229933738708496
2020-11-05 00:00:00+00:00,VALE3.SA,42.13582992553711
2020-11-05 00:00:00+00:00,^BVSP,100774.0
2020-11-06 00:00:00+00:00,ABEV3.SA,11.16253662109375
2020-11-06 00:00:00+00:00,VALE3.SA,42.566951751708984
2020-11-06 00:00:00+00:00,^BVSP,100799.0
2020-11-09 00:00:00+00:00,ABEV3.SA,11.979719161987305
2020-11-09 00:00:00+00:00,VALE3.SA,42.566951751708984
2020-11-09 00:00:00+00:00,^BVSP,103913.0
2020-11-10 00:00:00+00:00,ABEV3.SA,12.813749313354492
2020-11-10 00:00:00+00:00,VALE3.SA,42.546749114990234
2020-11-10 00:00:00+00:00,^BVSP,105351.0
2020-11-11 00:00:00+00:00,ABEV3.SA,12.55258846282959
2020-11-11 00:00:00+00:00,VALE3.SA,42.84314727783203
2020-11-11 00:00:00+00:00,^BVSP,104532.0
2020-11-12 00:00:00+00:00,ABEV3.SA,12.31670093536377
2020-11-12 00:00:00+00:00,VALE3.SA,42.2166633605957
2020-11-12 00:00:00+00:00,^BVSP,102175.0
2020-11-13 00:00:00+00:00,ABEV3.SA,12.729503631591797
2020-11-13 00:00:00+00:00,VALE3.SA,42.607364654541016
2020-11-13 00:00:00+00:00,^BVSP,104512.0
2020-11-16 00:00:00+00:00,ABEV3.SA,12.940116882324219
2020-11-16 00:00:00+00:00,VALE3.SA,43.73233413696289
2020-11-16 00:00:00+00:00,^BVSP,106430.0
2020-11-17 00:00:00+00:00,ABEV3.SA,13.024364471435547
2020-11-17 00:00:00+00:00,VALE3.SA,45.11329650878906
2020-11-17 00:00:00+00:00,^BVSP,107229.0
2020-11-18 00:00:00+00:00,ABEV3.SA,12.502041816711426
2020-11-18 00:00:00+00:00,VALE3.SA,44.76300048828125
2020-11-18 00:00:00+00:00,^BVSP,106483.0
2020-11-19 00:00:00+00:00,ABEV3.SA,12.409371376037598
2020-11-19 00:00:00+00:00,VALE3.SA,45.61852264404297
2020-11-19 00:00:00+00:00,^BVSP,106517.0
2020-11-23 00:00:00+00:00,ABEV3.SA,12.350399017333984
2020-11-23 00:00:00+00:00,VALE3.SA,48.023399353027344
2020-11-23 00:00:00+00:00,^BVSP,107379.0
2020-11-24 00:00:00+00:00,ABEV3.SA,12.426220893859863
2020-11-24 00:00:00+00:00,VALE3.SA,50.38784408569336
2020-11-24 00:00:00+00:00,^BVSP,109786.0
2020-11-25 00:00:00+00:00,ABEV3.SA,12.207181930541992
2020-11-25 00:00:00+00:00,VALE3.SA,50.85939025878906
2020-11-25 00:00:00+00:00,^BVSP,110133.0
2020-11-26 00:00:00+00:00,ABEV3.SA,12.148209571838379
2020-11-26 00:00:00+00:00,VALE3.SA,51.58018112182617
2020-11-26 00:00:00+00:00,^BVSP,110227.0
2020-11-27 00:00:00+00:00,ABEV3.SA,12.063963890075684
2020-11-27 00:00:00+00:00,VALE3.SA,52.83989334106445
2020-11-27 00:00:00+00:00,^BVSP,110575.0
2020-11-30 00:00:00+00:00,ABEV3.SA,11.777528762817383
2020-11-30 00:00:00+00:00,VALE3.SA,52.543479919433594
2020-11-30 00:00:00+00:00,^BVSP,108888.0
2020-12-01 00:00:00+00:00,ABEV3.SA,12.36724853515625
2020-12-01 00:00:00+00:00,VALE3.SA,54.732784271240234
2020-12-01 00:00:00+00:00,^BVSP,111335.0
2020-12-02 00:00:00+00:00,ABEV3.SA,12.535738945007324
2020-12-02 00:00:00+00:00,VALE3.SA,53.78296661376953
2020-12-02 00:00:00+00:00,^BVSP,111814.0
2020-12-03 00:00:00+00:00,ABEV3.SA,12.3840970993042
2020-12-03 00:00:00+00:00,VALE3.SA,53.19017028808594
2020-12-03 00:00:00+00:00,^BVSP,112919.0
2020-12-04 00:00:00+00:00,ABEV3.SA,12.417795181274414
2020-12-04 00:00:00+00:00,VALE3.SA,55.224544525146484
2020-12-04 00:00:00+00:00,^BVSP,113682.0
2020-12-07 00:00:00+00:00,ABEV3.SA,12.611559867858887
2020-12-07 00:00:00+00:00,VALE3.SA,55.87797546386719
2020-12-07 00:00:00+00:00,^BVSP,113625.0
2020-12-08 00:00:00+00:00,ABEV3.SA,12.678956031799316
2020-12-08 00:00:00+00:00,VALE3.SA,55.84429168701172
2020-12-08 00:00:00+00:00,^BVSP,113571.0
2020-12-09 00:00:00+00:00,ABEV3.SA,12.855873107910156
2020-12-09 00:00:00+00:00,VALE3.SA,55.709556579589844
2020-12-09 00:00:00+00:00,^BVSP,112722.0
2020-12-10 00:00:00+00:00,ABEV3.SA,13.218128204345703
2020-12-10 00:00:00+00:00,VALE3.SA,57.2589225769043
2020-12-10 00:00:00+00:00,^BVSP,114992.0
2020-12-11 00:00:00+00:00,ABEV3.SA,13.058061599731445
2020-12-11 00:00:00+00:00,VALE3.SA,57.16461181640625
2020-12-11 00:00:00+00:00,^BVSP,115323.0
2020-12-14 00:00:00+00:00,ABEV3.SA,12.90641975402832
2020-12-14 00:00:00+00:00,VALE3.SA,56.28214645385742
2020-12-14 00:00:00+00:00,^BVSP,114975.0
2020-12-15 00:00:00+00:00,ABEV3.SA,13.108609199523926
2020-12-15 00:00:00+00:00,VALE3.SA,56.92209243774414
2020-12-15 00:00:00+00:00,^BVSP,116146.0
2020-12-16 00:00:00+00:00,ABEV3.SA,13.327648162841797
2020-12-16 00:00:00+00:00,VALE3.SA,58.08076095581055
2020-12-16 00:00:00+00:00,^BVSP,117947.0
2020-12-17 00:00:00+00:00,ABEV3.SA,13.529836654663086
2020-12-17 00:00:00+00:00,VALE3.SA,58.74090576171875
2020-12-17 00:00:00+00:00,^BVSP,118157.0
2020-12-18 00:00:00+00:00,ABEV3.SA,13.714629173278809
2020-12-18 00:00:00+00:00,VALE3.SA,59.14509963989258
2020-12-18 00:00:00+00:00,^BVSP,117679.0
2020-12-21 00:00:00+00:00,ABEV3.SA,13.334147453308105
2020-12-21 00:00:00+00:00,VALE3.SA,58.511878967285156
2020-12-21 00:00:00+00:00,^BVSP,116016.0
2020-12-22 00:00:00+00:00,ABEV3.SA,13.411974906921387
2020-12-22 00:00:00+00:00,VALE3.SA,58.565757751464844
2020-12-22 00:00:00+00:00,^BVSP,116348.0
2020-12-23 00:00:00+00:00,ABEV3.SA,13.403326034545898
2020-12-23 00:00:00+00:00,VALE3.SA,58.848697662353516
2020-12-23 00:00:00+00:00,^BVSP,117857.0
2020-12-28 00:00:00+00:00,ABEV3.SA,13.636804580688477
2020-12-28 00:00:00+00:00,VALE3.SA,58.81502151489258
2020-12-28 00:00:00+00:00,^BVSP,119051.0
2020-12-29 00:00:00+00:00,ABEV3.SA,13.792454719543457
2020-12-29 00:00:00+00:00,VALE3.SA,58.653343200683594
2020-12-29 00:00:00+00:00,^BVSP,119475.0
2020-12-30 00:00:00+00:00,ABEV3.SA,13.533036231994629
2020-12-30 00:00:00+00:00,VALE3.SA,58.909324645996094
2020-12-30 00:00:00+00:00,^BVSP,119306.0
2021-01-04 00:00:00+00:00,ABEV3.SA,13.386031150817871
2021-01-04 00:00:00+00:00,VALE3.SA,61.61060333251953
2021-01-04 00:00:00+00:00,^BVSP,118558.0
2021-01-05 00:00:00+00:00,ABEV3.SA,13.671393394470215
2021-01-05 00:00:00+00:00,VALE3.SA,62.64799499511719
2021-01-05 00:00:00+00:00,^BVSP,119223.0
2021-01-06 00:00:00+00:00,ABEV3.SA,13.94810676574707
2021-01-06 00:00:00+00:00,VALE3.SA,64.70258331298828
2021-01-06 00:00:00+00:00,^BVSP,119851.0
2021-01-07 00:00:00+00:00,ABEV3.SA,13.878928184509277
2021-01-07 00:00:00+00:00,VALE3.SA,68.92626953125
2021-01-07 00:00:00+00:00,^BVSP,121956.0
2021-01-08 00:00:00+00:00,ABEV3.SA,14.293999671936035
2021-01-08 00:00:00+00:00,VALE3.SA,68.71070861816406
2021-01-08 00:00:00+00:00,^BVSP,125077.0
2021-01-11 00:00:00+00:00,ABEV3.SA,13.922165870666504
2021-01-11 00:00:00+00:00,VALE3.SA,68.69723510742188
2021-01-11 00:00:00+00:00,^BVSP,122807.0
2021-01-12 00:00:00+00:00,ABEV3.SA,14.527475357055664
2021-01-12 00:00:00+00:00,VALE3.SA,66.81779479980469
2021-01-12 00:00:00+00:00,^BVSP,123998.0
2021-01-13 00:00:00+00:00,ABEV3.SA,13.982696533203125
2021-01-13 00:00:00+00:00,VALE3.SA,64.81710052490234
2021-01-13 00:00:00+00:00,^BVSP,122040.0
2021-01-14 00:00:00+00:00,ABEV3.SA,14.127533912658691
2021-01-14 00:00:00+00:00,VALE3.SA,65.88143157958984
2021-01-14 00:00:00+00:00,^BVSP,123481.0
2021-01-15 00:00:00+00:00,ABEV3.SA,13.858189582824707
2021-01-15 00:00:00+00:00,VALE3.SA,63.01849365234375
2021-01-15 00:00:00+00:00,^BVSP,120502.0
2021-01-18 00:00:00+00:00,ABEV3.SA,14.092779159545898
2021-01-18 00:00:00+00:00,VALE3.SA,63.530452728271484
2021-01-18 00:00:00+00:00,^BVSP,121242.0
2021-01-19 00:00:00+00:00,ABEV3.SA,14.136222839355469
2021-01-19 00:00:00+00:00,VALE3.SA,63.36205291748047
2021-01-19 00:00:00+00:00,^BVSP,120673.0
2021-01-20 00:00:00+00:00,ABEV3.SA,13.9190092086792
2021-01-20 00:00:00+00:00,VALE3.SA,62.18992233276367
2021-01-20 00:00:00+00:00,^BVSP,119708.0
2021-01-21 00:00:00+00:00,ABEV3.SA,13.562780380249023
2021-01-21 00:00:00+00:00,VALE3.SA,62.8905029296875
2021-01-21 00:00:00+00:00,^BVSP,118443.0
2021-01-22 00:00:00+00:00,ABEV3.SA,13.163106918334961
2021-01-22 00:00:00+00:00,VALE3.SA,62.76251983642578
2021-01-22 00:00:00+00:00,^BVSP,117172.0
2021-01-26 00:00:00+00:00,ABEV3.SA,13.38032054901123
2021-01-26 00:00:00+00:00,VALE3.SA,61.80595397949219
2021-01-26 00:00:00+00:00,^BVSP,116464.0
2021-01-27 00:00:00+00:00,ABEV3.SA,13.38032054901123
2021-01-27 00:00:00+00:00,VALE3.SA,60.088191986083984
2021-01-27 00:00:00+00:00,^BVSP,115882.0
2021-01-28 00:00:00+00:00,ABEV3.SA,13.501960754394531
2021-01-28 00:00:00+00:00,VALE3.SA,61.368080139160156
2021-01-28 00:00:00+00:00,^BVSP,119314.0
2021-01-29 00:00:00+00:00,ABEV3.SA,13.128353118896484
2021-01-29 00:00:00+00:00,VALE3.SA,59.24614715576172
2021-01-29 00:00:00+00:00,^BVSP,116007.0
2021-02-01 00:00:00+00:00,ABEV3.SA,13.554092407226562
2021-02-01 00:00:00+00:00,VALE3.SA,61.48261260986328
2021-02-01 00:00:00+00:00,^BVSP,117365.0
2021-02-02 00:00:00+00:00,ABEV3.SA,13.562780380249023
2021-02-02 00:00:00+00:00,VALE3.SA,59.05080032348633
2021-02-02 00:00:00+00:00,^BVSP,118234.0
2021-02-03 00:00:00+00:00,ABEV3.SA,13.623600006103516
2021-02-03 00:00:00+00:00,VALE3.SA,60.91675567626953
2021-02-03 00:00:00+00:00,^BVSP,119725.0
2021-02-04 00:00:00+00:00,ABEV3.SA,13.554092407226562
2021-02-04 00:00:00+00:00,VALE3.SA,60.1488151550293
2021-02-04 00:00:00+00:00,^BVSP,119261.0
2021-02-05 00:00:00+00:00,ABEV3.SA,13.484582901000977
2021-02-05 00:00:00+00:00,VALE3.SA,62.43917465209961
2021-02-05 00:00:00+00:00,^BVSP,119925.0
2021-02-08 00:00:00+00:00,ABEV3.SA,12.9806489944458
2021-02-08 00:00:00+00:00,VALE3.SA,63.3283805847168
2021-02-08 00:00:00+00:00,^BVSP,119516.0
2021-02-09 00:00:00+00:00,ABEV3.SA,12.998025894165039
2021-02-09 00:00:00+00:00,VALE3.SA,63.49004364013672
2021-02-09 00:00:00+00:00,^BVSP,119429.0
2021-02-10 00:00:00+00:00,ABEV3.SA,13.041468620300293
2021-02-10 00:00:00+00:00,VALE3.SA,63.79316329956055
2021-02-10 00:00:00+00:00,^BVSP,118430.0
2021-02-11 00:00:00+00:00,ABEV3.SA,12.989337921142578
2021-02-11 00:00:00+00:00,VALE3.SA,62.71535873413086
2021-02-11 00:00:00+00:00,^BVSP,119235.0
2021-02-12 00:00:00+00:00,ABEV3.SA,12.850321769714355
2021-02-12 00:00:00+00:00,VALE3.SA,63.247528076171875
2021-02-12 00:00:00+00:00,^BVSP,119116.0
2021-02-17 00:00:00+00:00,ABEV3.SA,13.267370223999023
2021-02-17 00:00:00+00:00,VALE3.SA,64.9046630859375
2021-02-17 00:00:00+00:00,^BVSP,120391.0
2021-02-18 00:00:00+00:00,ABEV3.SA,12.850321769714355
2021-02-18 00:00:00+00:00,VALE3.SA,65.61198425292969
2021-02-18 00:00:00+00:00,^BVSP,119140.0
2021-02-19 00:00:00+00:00,ABEV3.SA,12.937206268310547
2021-02-19 00:00:00+00:00,VALE3.SA,65.86121368408203
2021-02-19 00:00:00+00:00,^BVSP,118748.0
2021-02-22 00:00:00+00:00,ABEV3.SA,12.667861938476562
2021-02-22 00:00:00+00:00,VALE3.SA,64.23102569580078
2021-02-22 00:00:00+00:00,^BVSP,112668.0
2021-02-23 00:00:00+00:00,ABEV3.SA,12.763435363769531
2021-02-23 00:00:00+00:00,VALE3.SA,65.30885314941406
2021-02-23 00:00:00+00:00,^BVSP,115227.0
2021-02-24 00:00:00+00:00,ABEV3.SA,12.75474739074707
2021-02-24 00:00:00+00:00,VALE3.SA,65.9690170288086
2021-02-24 00:00:00+00:00,^BVSP,115668.0
2021-02-25 00:00:00+00:00,ABEV3.SA,12.337697982788086
2021-02-25 00:00:00+00:00,VALE3.SA,64.47355651855469
2021-02-25 00:00:00+00:00,^BVSP,112256.0
2021-02-26 00:00:00+00:00,ABEV3.SA,12.181305885314941
2021-02-26 00:00:00+00:00,VALE3.SA,63.67191696166992
2021-02-26 00:00:00+00:00,^BVSP,110035.0
2021-03-01 00:00:00+00:00,ABEV3.SA,11.964093208312988
2021-03-01 00:00:00+00:00,VALE3.SA,66.400146484375
2021-03-01 00:00:00+00:00,^BVSP,110335.0
2021-03-02 00:00:00+00:00,ABEV3.SA,12.15523910522461
2021-03-02 00:00:00+00:00,VALE3.SA,68.44124603271484
2021-03-02 00:00:00+00:00,^BVSP,111540.0
2021-03-03 00:00:00+00:00,ABEV3.SA,12.311633110046387
2021-03-03 00:00:00+00:00,VALE3.SA,67.59920501708984
2021-03-03 00:00:00+00:00,^BVSP,111184.0
2021-03-04 00:00:00+00:00,ABEV3.SA,12.841632843017578
2021-03-04 00:00:00+00:00,VALE3.SA,66.59548950195312
2021-03-04 00:00:00+00:00,^BVSP,112690.0
2021-03-05 00:00:00+00:00,ABEV3.SA,13.102288246154785
2021-03-05 00:00:00+00:00,VALE3.SA,70.54598236083984
2021-03-05 00:00:00+00:00,^BVSP,115202.0
2021-03-08 00:00:00+00:00,ABEV3.SA,12.763435363769531
2021-03-08 00:00:00+00:00,VALE3.SA,70.16584014892578
2021-03-08 00:00:00+00:00,^BVSP,110612.0
2021-03-09 00:00:00+00:00,ABEV3.SA,13.171796798706055
2021-03-09 00:00:00+00:00,VALE3.SA,69.46184539794922
2021-03-09 00:00:00+00:00,^BVSP,111331.0
2021-03-10 00:00:00+00:00,ABEV3.SA,13.267370223999023
2021-03-10 00:00:00+00:00,VALE3.SA,68.39179992675781
2021-03-10 00:00:00+00:00,^BVSP,112776.0
2021-03-11 00:00:00+00:00,ABEV3.SA,13.110977172851562
2021-03-11 00:00:00+00:00,VALE3.SA,70.18695068359375
2021-03-11 00:00:00+00:00,^BVSP,114984.0
2021-03-12 00:00:00+00:00,ABEV3.SA,13.058845520019531
2021-03-12 00:00:00+00:00,VALE3.SA,68.56778717041016
2021-03-12 00:00:00+00:00,^BVSP,114160.0
2021-03-15 00:00:00+00:00,ABEV3.SA,13.293436050415039
2021-03-15 00:00:00+00:00,VALE3.SA,68.15949249267578
2021-03-15 00:00:00+00:00,^BVSP,114851.0
2021-03-16 00:00:00+00:00,ABEV3.SA,13.076223373413086
2021-03-16 00:00:00+00:00,VALE3.SA,67.94126892089844
2021-03-16 00:00:00+00:00,^BVSP,114019.0
2021-03-17 00:00:00+00:00,ABEV3.SA,13.397697448730469
2021-03-17 00:00:00+00:00,VALE3.SA,68.9197998046875
2021-03-17 00:00:00+00:00,^BVSP,116549.0
2021-03-18 00:00:00+00:00,ABEV3.SA,13.293436050415039
2021-03-18 00:00:00+00:00,VALE3.SA,67.69485473632812
2021-03-18 00:00:00+00:00,^BVSP,114835.0
2021-03-19 00:00:00+00:00,ABEV3.SA,13.554092407226562
2021-03-19 00:00:00+00:00,VALE3.SA,66.7233657836914
2021-03-19 00:00:00+00:00,^BVSP,116222.0
2021-03-22 00:00:00+00:00,ABEV3.SA,13.501960754394531
2021-03-22 00:00:00+00:00,VALE3.SA,65.61811065673828
2021-03-22 00:00:00+00:00,^BVSP,114979.0
2021-03-23 00:00:00+00:00,ABEV3.SA,13.102288246154785
2021-03-23 00:00:00+00:00,VALE3.SA,64.10455322265625
2021-03-23 00:00:00+00:00,^BVSP,113262.0
2021-03-24 00:00:00+00:00,ABEV3.SA,12.859009742736816
2021-03-24 00:00:00+00:00,VALE3.SA,65.57587432861328
2021-03-24 00:00:00+00:00,^BVSP,112064.0
2021-03-25 00:00:00+00:00,ABEV3.SA,13.024091720581055
2021-03-25 00:00:00+00:00,VALE3.SA,65.07606506347656
2021-03-25 00:00:00+00:00,^BVSP,113750.0
2021-03-26 00:00:00+00:00,ABEV3.SA,13.163106918334961
2021-03-26 00:00:00+00:00,VALE3.SA,67.25135040283203
2021-03-26 00:00:00+00:00,^BVSP,114781.0
2021-03-29 00:00:00+00:00,ABEV3.SA,13.293436050415039
2021-03-29 00:00:00+00:00,VALE3.SA,68.97611236572266
2021-03-29 00:00:00+00:00,^BVSP,115419.0
2021-03-30 00:00:00+00:00,ABEV3.SA,13.545402526855469
2021-03-30 00:00:00+00:00,VALE3.SA,68.3354721069336
2021-03-30 00:00:00+00:00,^BVSP,116850.0
2021-03-31 00:00:00+00:00,ABEV3.SA,13.284747123718262
2021-03-31 00:00:00+00:00,VALE3.SA,68.96907806396484
2021-03-31 00:00:00+00:00,^BVSP,116634.0
2021-04-01 00:00:00+00:00,ABEV3.SA,13.032779693603516
2021-04-01 00:00:00+00:00,VALE3.SA,68.5607681274414
2021-04-01 00:00:00+00:00,^BVSP,115253.0
2021-04-05 00:00:00+00:00,ABEV3.SA,13.267370223999023
2021-04-05 00:00:00+00:00,VALE3.SA,72.78465270996094
2021-04-05 00:00:00+00:00,^BVSP,117518.0
2021-04-06 00:00:00+00:00,ABEV3.SA,13.37163257598877
2021-04-06 00:00:00+00:00,VALE3.SA,71.84130859375
2021-04-06 00:00:00+00:00,^BVSP,117499.0
2021-04-07 00:00:00+00:00,ABEV3.SA,13.22392749786377
2021-04-07 00:00:00+00:00,VALE3.SA,73.60832214355469
2021-04-07 00:00:00+00:00,^BVSP,117624.0
2021-04-08 00:00:00+00:00,ABEV3.SA,13.423763275146484
2021-04-08 00:00:00+00:00,VALE3.SA,73.5660629272461
2021-04-08 00:00:00+00:00,^BVSP,118313.0
2021-04-09 00:00:00+00:00,ABEV3.SA,13.345566749572754
2021-04-09 00:00:00+00:00,VALE3.SA,72.51010131835938
2021-04-09 00:00:00+00:00,^BVSP,117670.0
2021-04-12 00:00:00+00:00,ABEV3.SA,13.475894927978516
2021-04-12 00:00:00+00:00,VALE3.SA,72.79168701171875
2021-04-12 00:00:00+00:00,^BVSP,118812.0
2021-04-13 00:00:00+00:00,ABEV3.SA,13.580157279968262
2021-04-13 00:00:00+00:00,VALE3.SA,72.91841125488281
2021-04-13 00:00:00+00:00,^BVSP,119297.0
2021-04-14 00:00:00+00:00,ABEV3.SA,13.736550331115723
2021-04-14 00:00:00+00:00,VALE3.SA,75.32601928710938
2021-04-14 00:00:00+00:00,^BVSP,120295.0
2021-04-15 00:00:00+00:00,ABEV3.SA,13.788681030273438
2021-04-15 00:00:00+00:00,VALE3.SA,76.1778335571289
2021-04-15 00:00:00+00:00,^BVSP,120701.0
2021-04-16 00:00:00+00:00,ABEV3.SA,13.727861404418945
2021-04-16 00:00:00+00:00,VALE3.SA,76.50166320800781
2021-04-16 00:00:00+00:00,^BVSP,121114.0
2021-04-19 00:00:00+00:00,ABEV3.SA,13.667040824890137
2021-04-19 00:00:00+00:00,VALE3.SA,75.83993530273438
2021-04-19 00:00:00+00:00,^BVSP,120934.0
2021-04-20 00:00:00+00:00,ABEV3.SA,13.571468353271484
2021-04-20 00:00:00+00:00,VALE3.SA,74.73468017578125
2021-04-20 00:00:00+00:00,^BVSP,120062.0
2021-04-22 00:00:00+00:00,ABEV3.SA,13.814746856689453
2021-04-22 00:00:00+00:00,VALE3.SA,74.7839584350586
2021-04-22 00:00:00+00:00,^BVSP,119371.0
2021-04-23 00:00:00+00:00,ABEV3.SA,13.771305084228516
2021-04-23 00:00:00+00:00,VALE3.SA,76.02296447753906
2021-04-23 00:00:00+00:00,^BVSP,120530.0
2021-04-26 00:00:00+00:00,ABEV3.SA,13.545402526855469
2021-04-26 00:00:00+00:00,VALE3.SA,76.4312744140625
2021-04-26 00:00:00+00:00,^BVSP,120595.0
2021-04-27 00:00:00+00:00,ABEV3.SA,13.284747123718262
2021-04-27 00:00:00+00:00,VALE3.SA,77.52244567871094
2021-04-27 00:00:00+00:00,^BVSP,119388.0
2021-04-28 00:00:00+00:00,ABEV3.SA,13.215238571166992
2021-04-28 00:00:00+00:00,VALE3.SA,78.78961181640625
2021-04-28 00:00:00+00:00,^BVSP,121053.0
2021-04-29 00:00:00+00:00,ABEV3.SA,13.258682250976562
2021-04-29 00:00:00+00:00,VALE3.SA,78.81072998046875
2021-04-29 00:00:00+00:00,^BVSP,120066.0
2021-04-30 00:00:00+00:00,ABEV3.SA,12.9806489944458
2021-04-30 00:00:00+00:00,VALE3.SA,76.74806213378906
2021-04-30 00:00:00+00:00,^BVSP,118894.0
2021-05-03 00:00:00+00:00,ABEV3.SA,12.859009742736816
2021-05-03 00:00:00+00:00,VALE3.SA,76.35382843017578
2021-05-03 00:00:00+00:00,^BVSP,119209.0
2021-05-04 00:00:00+00:00,ABEV3.SA,12.719993591308594
2021-05-04 00:00:00+00:00,VALE3.SA,77.50836944580078
2021-05-04 00:00:00+00:00,^BVSP,117712.0
2021-05-05 00:00:00+00:00,ABEV3.SA,12.911139488220215
2021-05-05 00:00:00+00:00,VALE3.SA,77.93778991699219
2021-05-05 00:00:00+00:00,^BVSP,119564.0
2021-05-06 00:00:00+00:00,ABEV3.SA,14.058025360107422
2021-05-06 00:00:00+00:00,VALE3.SA,80.99308013916016
2021-05-06 00:00:00+00:00,^BVSP,119921.0
2021-05-07 00:00:00+00:00,ABEV3.SA,14.084090232849121
2021-05-07 00:00:00+00:00,VALE3.SA,81.274658203125
2021-05-07 00:00:00+00:00,^BVSP,122038.0
2021-05-10 00:00:00+00:00,ABEV3.SA,14.336058616638184
2021-05-10 00:00:00+00:00,VALE3.SA,80.7396469116211
2021-05-10 00:00:00+00:00,^BVSP,121909.0
2021-05-11 00:00:00+00:00,ABEV3.SA,14.657532691955566
2021-05-11 00:00:00+00:00,VALE3.SA,83.5766830444336
2021-05-11 00:00:00+00:00,^BVSP,122964.0
2021-05-12 00:00:00+00:00,ABEV3.SA,14.657532691955566
2021-05-12 00:00:00+00:00,VALE3.SA,80.4862060546875
2021-05-12 00:00:00+00:00,^BVSP,119710.0
2021-05-13 00:00:00+00:00,ABEV3.SA,14.666220664978027
2021-05-13 00:00:00+00:00,VALE3.SA,79.19087219238281
2021-05-13 00:00:00+00:00,^BVSP,120706.0
2021-05-14 00:00:00+00:00,ABEV3.SA,14.92687702178955
2021-05-14 00:00:00+00:00,VALE3.SA,77.83219909667969
2021-05-14 00:00:00+00:00,^BVSP,121881.0
2021-05-17 00:00:00+00:00,ABEV3.SA,15.118025779724121
2021-05-17 00:00:00+00:00,VALE3.SA,79.87374114990234
2021-05-17 00:00:00+00:00,^BVSP,122938.0
2021-05-18 00:00:00+00:00,ABEV3.SA,15.13540267944336
2021-05-18 00:00:00+00:00,VALE3.SA,80.67627716064453
2021-05-18 00:00:00+00:00,^BVSP,122980.0
2021-05-19 00:00:00+00:00,ABEV3.SA,15.257041931152344
2021-05-19 00:00:00+00:00,VALE3.SA,79.02192687988281
2021-05-19 00:00:00+00:00,^BVSP,122636.0
2021-05-20 00:00:00+00:00,ABEV3.SA,15.239664077758789
2021-05-20 00:00:00+00:00,VALE3.SA,78.21939086914062
2021-05-20 00:00:00+00:00,^BVSP,122701.0
2021-05-21 00:00:00+00:00,ABEV3.SA,15.300483703613281
2021-05-21 00:00:00+00:00,VALE3.SA,77.01557922363281
2021-05-21 00:00:00+00:00,^BVSP,122592.0
2021-05-24 00:00:00+00:00,ABEV3.SA,15.317861557006836
2021-05-24 00:00:00+00:00,VALE3.SA,77.28308868408203
2021-05-24 00:00:00+00:00,^BVSP,124032.0
2021-05-25 00:00:00+00:00,ABEV3.SA,15.300483703613281
2021-05-25 00:00:00+00:00,VALE3.SA,75.3612289428711
2021-05-25 00:00:00+00:00,^BVSP,122988.0
2021-05-26 00:00:00+00:00,ABEV3.SA,15.178844451904297
2021-05-26 00:00:00+00:00,VALE3.SA,77.57876586914062
2021-05-26 00:00:00+00:00,^BVSP,123989.0
2021-05-27 00:00:00+00:00,ABEV3.SA,15.369993209838867
2021-05-27 00:00:00+00:00,VALE3.SA,78.13490295410156
2021-05-27 00:00:00+00:00,^BVSP,124367.0
2021-05-28 00:00:00+00:00,ABEV3.SA,15.50900936126709
2021-05-28 00:00:00+00:00,VALE3.SA,78.55729675292969
2021-05-28 00:00:00+00:00,^BVSP,125561.0
2021-05-31 00:00:00+00:00,ABEV3.SA,15.595894813537598
2021-05-31 00:00:00+00:00,VALE3.SA,80.8030014038086
2021-05-31 00:00:00+00:00,^BVSP,126216.0
2021-06-01 00:00:00+00:00,ABEV3.SA,16.308351516723633
2021-06-01 00:00:00+00:00,VALE3.SA,79.69070434570312
2021-06-01 00:00:00+00:00,^BVSP,128267.0
2021-06-02 00:00:00+00:00,ABEV3.SA,16.82966423034668
2021-06-02 00:00:00+00:00,VALE3.SA,80.81707000732422
2021-06-02 00:00:00+00:00,^BVSP,129601.0
2021-06-04 00:00:00+00:00,ABEV3.SA,16.838350296020508
2021-06-04 00:00:00+00:00,VALE3.SA,79.47953033447266
2021-06-04 00:00:00+00:00,^BVSP,130126.0
2021-06-07 00:00:00+00:00,ABEV3.SA,17.02950096130371
2021-06-07 00:00:00+00:00,VALE3.SA,78.70513153076172
2021-06-07 00:00:00+00:00,^BVSP,130776.0
2021-06-08 00:00:00+00:00,ABEV3.SA,17.020811080932617
2021-06-08 00:00:00+00:00,VALE3.SA,77.38164520263672
2021-06-08 00:00:00+00:00,^BVSP,129787.0
2021-06-09 00:00:00+00:00,ABEV3.SA,16.777530670166016
2021-06-09 00:00:00+00:00,VALE3.SA,78.98672485351562
2021-06-09 00:00:00+00:00,^BVSP,129907.0
2021-06-10 00:00:00+00:00,ABEV3.SA,16.78622055053711
2021-06-10 00:00:00+00:00,VALE3.SA,78.72624969482422
2021-06-10 00:00:00+00:00,^BVSP,130076.0
2021-06-11 00:00:00+00:00,ABEV3.SA,16.456058502197266
2021-06-11 00:00:00+00:00,VALE3.SA,80.49324798583984
2021-06-11 00:00:00+00:00,^BVSP,129441.0
2021-06-14 00:00:00+00:00,ABEV3.SA,16.92523765563965
2021-06-14 00:00:00+00:00,VALE3.SA,80.05677795410156
2021-06-14 00:00:00+00:00,^BVSP,130208.0
2021-06-15 00:00:00+00:00,ABEV3.SA,16.621137619018555
2021-06-15 00:00:00+00:00,VALE3.SA,78.49394989013672
2021-06-15 00:00:00+00:00,^BVSP,130091.0
2021-06-16 00:00:00+00:00,ABEV3.SA,16.58638572692871
2021-06-16 00:00:00+00:00,VALE3.SA,76.1355972290039
2021-06-16 00:00:00+00:00,^BVSP,129259.0
2021-06-17 00:00:00+00:00,ABEV3.SA,16.516878128051758
2021-06-17 00:00:00+00:00,VALE3.SA,74.55164337158203
2021-06-17 00:00:00+00:00,^BVSP,128057.0
2021-06-18 00:00:00+00:00,ABEV3.SA,16.299663543701172
2021-06-18 00:00:00+00:00,VALE3.SA,76.79734802246094
2021-06-18 00:00:00+00:00,^BVSP,128405.0
2021-06-21 00:00:00+00:00,ABEV3.SA,16.273597717285156
2021-06-21 00:00:00+00:00,VALE3.SA,77.5154037475586
2021-06-21 00:00:00+00:00,^BVSP,129265.0
2021-06-22 00:00:00+00:00,ABEV3.SA,15.891304016113281
2021-06-22 00:00:00+00:00,VALE3.SA,78.42353820800781
2021-06-22 00:00:00+00:00,^BVSP,128767.0
2021-06-23 00:00:00+00:00,ABEV3.SA,15.630648612976074
2021-06-23 00:00:00+00:00,VALE3.SA,79.59918975830078
2021-06-23 00:00:00+00:00,^BVSP,128428.0
2021-06-24 00:00:00+00:00,ABEV3.SA,15.595894813537598
2021-06-24 00:00:00+00:00,VALE3.SA,79.70662689208984
2021-06-24 00:00:00+00:00,^BVSP,129514.0
2021-06-25 00:00:00+00:00,ABEV3.SA,14.727042198181152
2021-06-25 00:00:00+00:00,VALE3.SA,80.69013977050781
2021-06-25 00:00:00+00:00,^BVSP,127256.0
2021-06-28 00:00:00+00:00,ABEV3.SA,15.204910278320312
2021-06-28 00:00:00+00:00,VALE3.SA,79.39794921875
2021-06-28 00:00:00+00:00,^BVSP,127429.0
2021-06-29 00:00:00+00:00,ABEV3.SA,15.022451400756836
2021-06-29 00:00:00+00:00,VALE3.SA,80.76909637451172
2021-06-29 00:00:00+00:00,^BVSP,127327.0
2021-06-30 00:00:00+00:00,ABEV3.SA,14.831304550170898
2021-06-30 00:00:00+00:00,VALE3.SA,81.30033874511719
2021-06-30 00:00:00+00:00,^BVSP,126802.0
2021-07-01 00:00:00+00:00,ABEV3.SA,14.944254875183105
2021-07-01 00:00:00+00:00,VALE3.SA,79.8861083984375
2021-07-01 00:00:00+00:00,^BVSP,125666.0
2021-07-02 00:00:00+00:00,ABEV3.SA,15.14409065246582
2021-07-02 00:00:00+00:00,VALE3.SA,81.53724670410156
2021-07-02 00:00:00+00:00,^BVSP,127622.0
2021-07-05 00:00:00+00:00,ABEV3.SA,15.587204933166504
2021-07-05 00:00:00+00:00,VALE3.SA,81.24291229248047
2021-07-05 00:00:00+00:00,^BVSP,126920.0
2021-07-06 00:00:00+00:00,ABEV3.SA,15.24835205078125
2021-07-06 00:00:00+00:00,VALE3.SA,81.67363739013672
2021-07-06 00:00:00+00:00,^BVSP,125095.0
2021-07-07 00:00:00+00:00,ABEV3.SA,15.439501762390137
2021-07-07 00:00:00+00:00,VALE3.SA,81.91053771972656
2021-07-07 00:00:00+00:00,^BVSP,127019.0
2021-07-08 00:00:00+00:00,ABEV3.SA,15.083271026611328
2021-07-08 00:00:00+00:00,VALE3.SA,81.59467315673828
2021-07-08 00:00:00+00:00,^BVSP,125428.0
2021-07-12 00:00:00+00:00,ABEV3.SA,15.343925476074219
2021-07-12 00:00:00+00:00,VALE3.SA,82.60688781738281
2021-07-12 00:00:00+00:00,^BVSP,127594.0
2021-07-13 00:00:00+00:00,ABEV3.SA,15.465563774108887
2021-07-13 00:00:00+00:00,VALE3.SA,83.09504699707031
2021-07-13 00:00:00+00:00,^BVSP,128168.0
2021-07-14 00:00:00+00:00,ABEV3.SA,15.561141014099121
2021-07-14 00:00:00+00:00,VALE3.SA,82.64277648925781
2021-07-14 00:00:00+00:00,^BVSP,128407.0
2021-07-15 00:00:00+00:00,ABEV3.SA,15.309173583984375
2021-07-15 00:00:00+00:00,VALE3.SA,82.90120697021484
2021-07-15 00:00:00+00:00,^BVSP,127468.0
2021-07-16 00:00:00+00:00,ABEV3.SA,15.14409065246582
2021-07-16 00:00:00+00:00,VALE3.SA,81.40803527832031
2021-07-16 00:00:00+00:00,^BVSP,125960.0
2021-07-19 00:00:00+00:00,ABEV3.SA,14.77917194366455
2021-07-19 00:00:00+00:00,VALE3.SA,80.51783752441406
2021-07-19 00:00:00+00:00,^BVSP,124395.0
2021-07-20 00:00:00+00:00,ABEV3.SA,14.796549797058105
2021-07-20 00:00:00+00:00,VALE3.SA,81.19265747070312
2021-07-20 00:00:00+00:00,^BVSP,125401.0
2021-07-21 00:00:00+00:00,ABEV3.SA,14.944254875183105
2021-07-21 00:00:00+00:00,VALE3.SA,82.12590789794922
2021-07-21 00:00:00+00:00,^BVSP,125929.0
2021-07-22 00:00:00+00:00,ABEV3.SA,14.796549797058105
2021-07-22 00:00:00+00:00,VALE3.SA,82.34126281738281
2021-07-22 00:00:00+00:00,^BVSP,126147.0
2021-07-23 00:00:00+00:00,ABEV3.SA,14.553271293640137
2021-07-23 00:00:00+00:00,VALE3.SA,81.9249038696289
2021-07-23 00:00:00+00:00,^BVSP,125053.0
2021-07-26 00:00:00+00:00,ABEV3.SA,14.848681449890137
2021-07-26 00:00:00+00:00,VALE3.SA,83.70524597167969
2021-07-26 00:00:00+00:00,^BVSP,126004.0
2021-07-27 00:00:00+00:00,ABEV3.SA,14.70097541809082
2021-07-27 00:00:00+00:00,VALE3.SA,81.96797180175781
2021-07-27 00:00:00+00:00,^BVSP,124612.0
2021-07-28 00:00:00+00:00,ABEV3.SA,15.057206153869629
2021-07-28 00:00:00+00:00,VALE3.SA,84.20775604248047
2021-07-28 00:00:00+00:00,^BVSP,126286.0
2021-07-29 00:00:00+00:00,ABEV3.SA,14.883434295654297
2021-07-29 00:00:00+00:00,VALE3.SA,82.96583557128906
2021-07-29 00:00:00+00:00,^BVSP,125675.0
2021-07-30 00:00:00+00:00,ABEV3.SA,14.457696914672852
2021-07-30 00:00:00+00:00,VALE3.SA,78.07703399658203
2021-07-30 00:00:00+00:00,^BVSP,121801.0
2021-08-02 00:00:00+00:00,ABEV3.SA,14.648845672607422
2021-08-02 00:00:00+00:00,VALE3.SA,78.19908142089844
2021-08-02 00:00:00+00:00,^BVSP,122516.0
2021-08-03 00:00:00+00:00,ABEV3.SA,14.831304550170898
2021-08-03 00:00:00+00:00,VALE3.SA,80.86243438720703
2021-08-03 00:00:00+00:00,^BVSP,123577.0
2021-08-04 00:00:00+00:00,ABEV3.SA,14.449007987976074
2021-08-04 00:00:00+00:00,VALE3.SA,80.77628326416016
2021-08-04 00:00:00+00:00,^BVSP,121801.0
2021-08-05 00:00:00+00:00,ABEV3.SA,14.44032096862793
2021-08-05 00:00:00+00:00,VALE3.SA,78.30675506591797
2021-08-05 00:00:00+00:00,^BVSP,121633.0
2021-08-06 00:00:00+00:00,ABEV3.SA,14.857369422912598
2021-08-06 00:00:00+00:00,VALE3.SA,78.7518539428711
2021-08-06 00:00:00+00:00,^BVSP,122810.0
2021-08-09 00:00:00+00:00,ABEV3.SA,14.909500122070312
2021-08-09 00:00:00+00:00,VALE3.SA,78.25652313232422
2021-08-09 00:00:00+00:00,^BVSP,123019.0
2021-08-10 00:00:00+00:00,ABEV3.SA,14.518516540527344
2021-08-10 00:00:00+00:00,VALE3.SA,79.01028442382812
2021-08-10 00:00:00+00:00,^BVSP,122202.0
2021-08-11 00:00:00+00:00,ABEV3.SA,14.39687728881836
2021-08-11 00:00:00+00:00,VALE3.SA,78.44315338134766
2021-08-11 00:00:00+00:00,^BVSP,122056.0
2021-08-12 00:00:00+00:00,ABEV3.SA,14.405566215515137
2021-08-12 00:00:00+00:00,VALE3.SA,78.39290618896484
2021-08-12 00:00:00+00:00,^BVSP,120701.0
2021-08-13 00:00:00+00:00,ABEV3.SA,14.466385841369629
2021-08-13 00:00:00+00:00,VALE3.SA,77.746826171875
2021-08-13 00:00:00+00:00,^BVSP,121194.0
2021-08-16 00:00:00+00:00,ABEV3.SA,14.24917221069336
2021-08-16 00:00:00+00:00,VALE3.SA,78.10575103759766
2021-08-16 00:00:00+00:00,^BVSP,119180.0
2021-08-17 00:00:00+00:00,ABEV3.SA,14.17966365814209
2021-08-17 00:00:00+00:00,VALE3.SA,76.81356048583984
2021-08-17 00:00:00+00:00,^BVSP,117904.0
2021-08-18 00:00:00+00:00,ABEV3.SA,14.309991836547852
2021-08-18 00:00:00+00:00,VALE3.SA,74.23636627197266
2021-08-18 00:00:00+00:00,^BVSP,116643.0
2021-08-19 00:00:00+00:00,ABEV3.SA,14.935566902160645
2021-08-19 00:00:00+00:00,VALE3.SA,70.00084686279297
2021-08-19 00:00:00+00:00,^BVSP,117165.0
2021-08-20 00:00:00+00:00,ABEV3.SA,15.239664077758789
2021-08-20 00:00:00+00:00,VALE3.SA,70.0295639038086
2021-08-20 00:00:00+00:00,^BVSP,118053.0
2021-08-23 00:00:00+00:00,ABEV3.SA,15.083271026611328
2021-08-23 00:00:00+00:00,VALE3.SA,69.06041717529297
2021-08-23 00:00:00+00:00,^BVSP,117472.0
2021-08-24 00:00:00+00:00,ABEV3.SA,15.283105850219727
2021-08-24 00:00:00+00:00,VALE3.SA,71.58019256591797
2021-08-24 00:00:00+00:00,^BVSP,120211.0
2021-08-25 00:00:00+00:00,ABEV3.SA,15.274417877197266
2021-08-25 00:00:00+00:00,VALE3.SA,71.42942810058594
2021-08-25 00:00:00+00:00,^BVSP,120818.0
2021-08-26 00:00:00+00:00,ABEV3.SA,14.866058349609375
2021-08-26 00:00:00+00:00,VALE3.SA,70.5177230834961
2021-08-26 00:00:00+00:00,^BVSP,118724.0
2021-08-27 00:00:00+00:00,ABEV3.SA,14.805238723754883
2021-08-27 00:00:00+00:00,VALE3.SA,72.2837142944336
2021-08-27 00:00:00+00:00,^BVSP,120678.0
2021-08-30 00:00:00+00:00,ABEV3.SA,14.92687702178955
2021-08-30 00:00:00+00:00,VALE3.SA,71.82427215576172
2021-08-30 00:00:00+00:00,^BVSP,119740.0
2021-08-31 00:00:00+00:00,ABEV3.SA,14.857369422912598
2021-08-31 00:00:00+00:00,VALE3.SA,70.84076690673828
2021-08-31 00:00:00+00:00,^BVSP,118781.0
2021-09-01 00:00:00+00:00,ABEV3.SA,14.996386528015137
2021-09-01 00:00:00+00:00,VALE3.SA,70.96281433105469
2021-09-01 00:00:00+00:00,^BVSP,119396.0
2021-09-02 00:00:00+00:00,ABEV3.SA,14.353435516357422
2021-09-02 00:00:00+00:00,VALE3.SA,70.74027252197266
2021-09-02 00:00:00+00:00,^BVSP,116677.0
2021-09-03 00:00:00+00:00,ABEV3.SA,14.388189315795898
2021-09-03 00:00:00+00:00,VALE3.SA,70.79051208496094
2021-09-03 00:00:00+00:00,^BVSP,116933.0
2021-09-06 00:00:00+00:00,ABEV3.SA,14.935566902160645
2021-09-06 00:00:00+00:00,VALE3.SA,69.67779541015625
2021-09-06 00:00:00+00:00,^BVSP,117869.0
2021-09-08 00:00:00+00:00,ABEV3.SA,14.084090232849121
2021-09-08 00:00:00+00:00,VALE3.SA,68.22766876220703
2021-09-08 00:00:00+00:00,^BVSP,113413.0
2021-09-09 00:00:00+00:00,ABEV3.SA,14.170974731445312
2021-09-09 00:00:00+00:00,VALE3.SA,67.98357391357422
2021-09-09 00:00:00+00:00,^BVSP,115361.0
2021-09-10 00:00:00+00:00,ABEV3.SA,13.988517761230469
2021-09-10 00:00:00+00:00,VALE3.SA,68.06255340576172
2021-09-10 00:00:00+00:00,^BVSP,114286.0
2021-09-13 00:00:00+00:00,ABEV3.SA,14.205730438232422
2021-09-13 00:00:00+00:00,VALE3.SA,68.02665710449219
2021-09-13 00:00:00+00:00,^BVSP,116404.0
2021-09-14 00:00:00+00:00,ABEV3.SA,14.283927917480469
2021-09-14 00:00:00+00:00,VALE3.SA,67.54568481445312
2021-09-14 00:00:00+00:00,^BVSP,116181.0
2021-09-15 00:00:00+00:00,ABEV3.SA,13.9190092086792
2021-09-15 00:00:00+00:00,VALE3.SA,65.85865783691406
2021-09-15 00:00:00+00:00,^BVSP,115063.0
2021-09-16 00:00:00+00:00,ABEV3.SA,14.014582633972168
2021-09-16 00:00:00+00:00,VALE3.SA,63.12352752685547
2021-09-16 00:00:00+00:00,^BVSP,113794.0
2021-09-17 00:00:00+00:00,ABEV3.SA,13.675729751586914
2021-09-17 00:00:00+00:00,VALE3.SA,61.845680236816406
2021-09-17 00:00:00+00:00,^BVSP,111439.0
2021-09-20 00:00:00+00:00,ABEV3.SA,13.562780380249023
2021-09-20 00:00:00+00:00,VALE3.SA,59.404876708984375
2021-09-20 00:00:00+00:00,^BVSP,108844.0
2021-09-21 00:00:00+00:00,ABEV3.SA,13.606222152709961
2021-09-21 00:00:00+00:00,VALE3.SA,60.388389587402344
2021-09-21 00:00:00+00:00,^BVSP,110250.0
2021-09-22 00:00:00+00:00,ABEV3.SA,13.658352851867676
2021-09-22 00:00:00+00:00,VALE3.SA,62.53485107421875
2021-09-22 00:00:00+00:00,^BVSP,112282.0
2021-09-23 00:00:00+00:00,ABEV3.SA,13.797369956970215
2021-09-23 00:00:00+00:00,VALE3.SA,62.532676696777344
2021-09-23 00:00:00+00:00,^BVSP,114064.0
2021-09-24 00:00:00+00:00,ABEV3.SA,13.762616157531738
2021-09-24 00:00:00+00:00,VALE3.SA,61.56587600708008
2021-09-24 00:00:00+00:00,^BVSP,113283.0
2021-09-27 00:00:00+00:00,ABEV3.SA,13.753927230834961
2021-09-27 00:00:00+00:00,VALE3.SA,62.445491790771484
2021-09-27 00:00:00+00:00,^BVSP,113583.0
2021-09-28 00:00:00+00:00,ABEV3.SA,13.415074348449707
2021-09-28 00:00:00+00:00,VALE3.SA,59.3152961730957
2021-09-28 00:00:00+00:00,^BVSP,110124.0
2021-09-29 00:00:00+00:00,ABEV3.SA,13.458517074584961
2021-09-29 00:00:00+00:00,VALE3.SA,60.06813049316406
2021-09-29 00:00:00+00:00,^BVSP,111107.0
2021-09-30 00:00:00+00:00,ABEV3.SA,13.293436050415039
2021-09-30 00:00:00+00:00,VALE3.SA,60.41682052612305
2021-09-30 00:00:00+00:00,^BVSP,110979.0
2021-10-01 00:00:00+00:00,ABEV3.SA,13.267370223999023
2021-10-01 00:00:00+00:00,VALE3.SA,60.385108947753906
2021-10-01 00:00:00+00:00,^BVSP,112900.0
2021-10-04 00:00:00+00:00,ABEV3.SA,13.067534446716309
2021-10-04 00:00:00+00:00,VALE3.SA,59.82247543334961
2021-10-04 00:00:00+00:00,^BVSP,110393.0
2021-10-05 00:00:00+00:00,ABEV3.SA,13.189173698425293
2021-10-05 00:00:00+00:00,VALE3.SA,59.3945426940918
2021-10-05 00:00:00+00:00,^BVSP,110458.0
2021-10-06 00:00:00+00:00,ABEV3.SA,13.119665145874023
2021-10-06 00:00:00+00:00,VALE3.SA,61.06662368774414
2021-10-06 00:00:00+00:00,^BVSP,110560.0
2021-10-07 00:00:00+00:00,ABEV3.SA,13.102288246154785
2021-10-07 00:00:00+00:00,VALE3.SA,62.88927459716797
2021-10-07 00:00:00+00:00,^BVSP,110585.0
2021-10-08 00:00:00+00:00,ABEV3.SA,13.345566749572754
2021-10-08 00:00:00+00:00,VALE3.SA,63.27756881713867
2021-10-08 00:00:00+00:00,^BVSP,112833.0
2021-10-11 00:00:00+00:00,ABEV3.SA,13.241304397583008
2021-10-11 00:00:00+00:00,VALE3.SA,64.68022155761719
2021-10-11 00:00:00+00:00,^BVSP,112180.0
2021-10-13 00:00:00+00:00,ABEV3.SA,13.475894927978516
2021-10-13 00:00:00+00:00,VALE3.SA,62.762474060058594
2021-10-13 00:00:00+00:00,^BVSP,113456.0
2021-10-14 00:00:00+00:00,ABEV3.SA,13.458517074584961
2021-10-14 00:00:00+00:00,VALE3.SA,62.762474060058594
2021-10-14 00:00:00+00:00,^BVSP,113185.0
2021-10-15 00:00:00+00:00,ABEV3.SA,13.493271827697754
2021-10-15 00:00:00+00:00,VALE3.SA,63.93531036376953
2021-10-15 00:00:00+00:00,^BVSP,114648.0
2021-10-18 00:00:00+00:00,ABEV3.SA,13.571468353271484
2021-10-18 00:00:00+00:00,VALE3.SA,63.333038330078125
2021-10-18 00:00:00+00:00,^BVSP,114428.0
2021-10-19 00:00:00+00:00,ABEV3.SA,13.1544189453125
2021-10-19 00:00:00+00:00,VALE3.SA,62.60399627685547
2021-10-19 00:00:00+00:00,^BVSP,110673.0
2021-10-20 00:00:00+00:00,ABEV3.SA,13.389008522033691
2021-10-20 00:00:00+00:00,VALE3.SA,60.757564544677734
2021-10-20 00:00:00+00:00,^BVSP,110786.0
2021-10-21 00:00:00+00:00,ABEV3.SA,13.1544189453125
2021-10-21 00:00:00+00:00,VALE3.SA,59.56095504760742
2021-10-21 00:00:00+00:00,^BVSP,107735.0
2021-10-22 00:00:00+00:00,ABEV3.SA,13.032779693603516
2021-10-22 00:00:00+00:00,VALE3.SA,60.29001998901367
2021-10-22 00:00:00+00:00,^BVSP,106296.0
2021-10-25 00:00:00+00:00,ABEV3.SA,13.267370223999023
2021-10-25 00:00:00+00:00,VALE3.SA,61.019073486328125
2021-10-25 00:00:00+00:00,^BVSP,108715.0
2021-10-26 00:00:00+00:00,ABEV3.SA,13.171796798706055
2021-10-26 00:00:00+00:00,VALE3.SA,60.3692626953125
2021-10-26 00:00:00+00:00,^BVSP,106420.0
2021-10-27 00:00:00+00:00,ABEV3.SA,13.22392749786377
2021-10-27 00:00:00+00:00,VALE3.SA,58.99830627441406
2021-10-27 00:00:00+00:00,^BVSP,106363.0
2021-10-28 00:00:00+00:00,ABEV3.SA,14.509828567504883
2021-10-28 00:00:00+00:00,VALE3.SA,58.403968811035156
2021-10-28 00:00:00+00:00,^BVSP,105705.0
2021-10-29 00:00:00+00:00,ABEV3.SA,14.761795043945312
2021-10-29 00:00:00+00:00,VALE3.SA,56.74774169921875
2021-10-29 00:00:00+00:00,^BVSP,103501.0
2021-11-01 00:00:00+00:00,ABEV3.SA,15.083271026611328
2021-11-01 00:00:00+00:00,VALE3.SA,57.310386657714844
2021-11-01 00:00:00+00:00,^BVSP,105551.0
2021-11-03 00:00:00+00:00,ABEV3.SA,15.491631507873535
2021-11-03 00:00:00+00:00,VALE3.SA,52.95980453491211
2021-11-03 00:00:00+00:00,^BVSP,105617.0
2021-11-04 00:00:00+00:00,ABEV3.SA,15.535073280334473
2021-11-04 00:00:00+00:00,VALE3.SA,52.35752868652344
2021-11-04 00:00:00+00:00,^BVSP,103412.0
2021-11-05 00:00:00+00:00,ABEV3.SA,15.552451133728027
2021-11-05 00:00:00+00:00,VALE3.SA,50.804325103759766
2021-11-05 00:00:00+00:00,^BVSP,104824.0
2021-11-08 00:00:00+00:00,ABEV3.SA,15.413434028625488
2021-11-08 00:00:00+00:00,VALE3.SA,53.56999206542969
2021-11-08 00:00:00+00:00,^BVSP,104781.0
2021-11-09 00:00:00+00:00,ABEV3.SA,15.543761253356934
2021-11-09 00:00:00+00:00,VALE3.SA,52.254520416259766
2021-11-09 00:00:00+00:00,^BVSP,105535.0
2021-11-10 00:00:00+00:00,ABEV3.SA,15.42212200164795
2021-11-10 00:00:00+00:00,VALE3.SA,52.05640411376953
2021-11-10 00:00:00+00:00,^BVSP,105968.0
2021-11-11 00:00:00+00:00,ABEV3.SA,15.300483703613281
2021-11-11 00:00:00+00:00,VALE3.SA,53.89490509033203
2021-11-11 00:00:00+00:00,^BVSP,107725.0
2021-11-12 00:00:00+00:00,ABEV3.SA,15.213598251342773
2021-11-12 00:00:00+00:00,VALE3.SA,54.124717712402344
2021-11-12 00:00:00+00:00,^BVSP,106312.0
2021-11-16 00:00:00+00:00,ABEV3.SA,15.213598251342773
2021-11-16 00:00:00+00:00,VALE3.SA,52.563575744628906
2021-11-16 00:00:00+00:00,^BVSP,104508.0
2021-11-17 00:00:00+00:00,ABEV3.SA,15.239664077758789
2021-11-17 00:00:00+00:00,VALE3.SA,51.50960922241211
2021-11-17 00:00:00+00:00,^BVSP,102945.0
2021-11-18 00:00:00+00:00,ABEV3.SA,15.29179573059082
2021-11-18 00:00:00+00:00,VALE3.SA,49.39374923706055
2021-11-18 00:00:00+00:00,^BVSP,102524.0
2021-11-19 00:00:00+00:00,ABEV3.SA,15.109335899353027
2021-11-19 00:00:00+00:00,VALE3.SA,50.74093246459961
2021-11-19 00:00:00+00:00,^BVSP,103035.0
2021-11-22 00:00:00+00:00,ABEV3.SA,15.048516273498535
2021-11-22 00:00:00+00:00,VALE3.SA,53.562068939208984
2021-11-22 00:00:00+00:00,^BVSP,102122.0
2021-11-23 00:00:00+00:00,ABEV3.SA,14.944254875183105
2021-11-23 00:00:00+00:00,VALE3.SA,54.9726448059082
2021-11-23 00:00:00+00:00,^BVSP,103663.0
2021-11-24 00:00:00+00:00,ABEV3.SA,14.857369422912598
2021-11-24 00:00:00+00:00,VALE3.SA,56.24850082397461
2021-11-24 00:00:00+00:00,^BVSP,104514.0
2021-11-25 00:00:00+00:00,ABEV3.SA,14.970319747924805
2021-11-25 00:00:00+00:00,VALE3.SA,55.86811447143555
2021-11-25 00:00:00+00:00,^BVSP,105811.0
2021-11-26 00:00:00+00:00,ABEV3.SA,14.501140594482422
2021-11-26 00:00:00+00:00,VALE3.SA,54.39414978027344
2021-11-26 00:00:00+00:00,^BVSP,102224.0
2021-11-29 00:00:00+00:00,ABEV3.SA,14.197042465209961
2021-11-29 00:00:00+00:00,VALE3.SA,55.075660705566406
2021-11-29 00:00:00+00:00,^BVSP,102814.0
2021-11-30 00:00:00+00:00,ABEV3.SA,13.953763008117676
2021-11-30 00:00:00+00:00,VALE3.SA,55.4322624206543
2021-11-30 00:00:00+00:00,^BVSP,101915.0
2021-12-01 00:00:00+00:00,ABEV3.SA,13.77999210357666
2021-12-01 00:00:00+00:00,VALE3.SA,55.65414810180664
2021-12-01 00:00:00+00:00,^BVSP,100775.0
2021-12-02 00:00:00+00:00,ABEV3.SA,13.910320281982422
2021-12-02 00:00:00+00:00,VALE3.SA,58.23755645751953
2021-12-02 00:00:00+00:00,^BVSP,104466.0
2021-12-03 00:00:00+00:00,ABEV3.SA,13.901631355285645
2021-12-03 00:00:00+00:00,VALE3.SA,56.95378875732422
2021-12-03 00:00:00+00:00,^BVSP,105070.0
2021-12-06 00:00:00+00:00,ABEV3.SA,13.971139907836914
2021-12-06 00:00:00+00:00,VALE3.SA,60.044349670410156
2021-12-06 00:00:00+00:00,^BVSP,106859.0
2021-12-07 00:00:00+00:00,ABEV3.SA,13.988517761230469
2021-12-07 00:00:00+00:00,VALE3.SA,60.488128662109375
2021-12-07 00:00:00+00:00,^BVSP,107558.0
2021-12-08 00:00:00+00:00,ABEV3.SA,13.971139907836914
2021-12-08 00:00:00+00:00,VALE3.SA,60.03642654418945
2021-12-08 00:00:00+00:00,^BVSP,108096.0
2021-12-09 00:00:00+00:00,ABEV3.SA,13.736550331115723
2021-12-09 00:00:00+00:00,VALE3.SA,59.57680892944336
2021-12-09 00:00:00+00:00,^BVSP,106291.0
2021-12-10 00:00:00+00:00,ABEV3.SA,13.858189582824707
2021-12-10 00:00:00+00:00,VALE3.SA,59.949256896972656
2021-12-10 00:00:00+00:00,^BVSP,107758.0
2021-12-13 00:00:00+00:00,ABEV3.SA,13.910320281982422
2021-12-13 00:00:00+00:00,VALE3.SA,61.700584411621094
2021-12-13 00:00:00+00:00,^BVSP,107383.0
2021-12-14 00:00:00+00:00,ABEV3.SA,14.049337387084961
2021-12-14 00:00:00+00:00,VALE3.SA,61.692665100097656
2021-12-14 00:00:00+00:00,^BVSP,106760.0
2021-12-15 00:00:00+00:00,ABEV3.SA,13.971139907836914
2021-12-15 00:00:00+00:00,VALE3.SA,61.34397506713867
2021-12-15 00:00:00+00:00,^BVSP,107370.0
2021-12-16 00:00:00+00:00,ABEV3.SA,13.988517761230469
2021-12-16 00:00:00+00:00,VALE3.SA,63.7451286315918
2021-12-16 00:00:00+00:00,^BVSP,108212.0
2021-12-17 00:00:00+00:00,ABEV3.SA,13.962450981140137
2021-12-17 00:00:00+00:00,VALE3.SA,62.73870086669922
2021-12-17 00:00:00+00:00,^BVSP,107201.0
2021-12-20 00:00:00+00:00,ABEV3.SA,13.920563697814941
2021-12-20 00:00:00+00:00,VALE3.SA,62.033424377441406
2021-12-20 00:00:00+00:00,^BVSP,105020.0
2021-12-21 00:00:00+00:00,ABEV3.SA,13.902508735656738
2021-12-21 00:00:00+00:00,VALE3.SA,63.665870666503906
2021-12-21 00:00:00+00:00,^BVSP,105500.0
2021-12-22 00:00:00+00:00,ABEV3.SA,13.893482208251953
2021-12-22 00:00:00+00:00,VALE3.SA,63.333038330078125
2021-12-22 00:00:00+00:00,^BVSP,105244.0
2021-12-23 00:00:00+00:00,ABEV3.SA,14.037922859191895
2021-12-23 00:00:00+00:00,VALE3.SA,62.72285461425781
2021-12-23 00:00:00+00:00,^BVSP,104891.0
2021-12-27 00:00:00+00:00,ABEV3.SA,14.019867897033691
2021-12-27 00:00:00+00:00,VALE3.SA,62.56435775756836
2021-12-27 00:00:00+00:00,^BVSP,105531.0
2021-12-28 00:00:00+00:00,ABEV3.SA,14.01084041595459
2021-12-28 00:00:00+00:00,VALE3.SA,61.05870056152344
2021-12-28 00:00:00+00:00,^BVSP,104864.0
2021-12-29 00:00:00+00:00,ABEV3.SA,13.947647094726562
2021-12-29 00:00:00+00:00,VALE3.SA,61.217185974121094
2021-12-29 00:00:00+00:00,^BVSP,104107.0
2021-12-30 00:00:00+00:00,ABEV3.SA,13.920563697814941
2021-12-30 00:00:00+00:00,VALE3.SA,61.77983856201172
2021-12-30 00:00:00+00:00,^BVSP,104822.0
